wage,lnwage,educ,exper,lnexper,lneduc,male
7.7802081,2.0515831,1,23,3.1780539,0,1
4.8185043,1.5724636,1,15,2.7725887,0,0
10.563644,2.3574183,1,31,3.4657359,0,1
7.0424299,1.9519533,1,32,3.4965076,0,1
7.8875213,2.0652819,1,9,2.3025851,0,1
8.2000561,2.104141,1,15,2.7725887,0,0
8.2142906,2.1058755,1,26,3.2958369,0,1
10.378317,2.3397188,1,23,3.1780539,0,1
10.95489,2.393786,1,13,2.6390574,0,1
7.2114477,1.9756697,1,22,3.1354942,0,1
6.9682984,1.9413711,1,39,3.6888795,0,0
7.4336762,2.0060205,1,20,3.0445225,0,0
8.3100672,2.1174676,1,16,2.8332133,0,1
6.7575135,1.910655,1,38,3.6635616,0,0
12.181499,2.4999185,1,41,3.7376697,0,1
6.2972665,1.8401157,1,37,3.6375861,0,0
8.095829,2.0913489,1,18,2.9444389,0,0
7.7096076,2.0424674,1,24,3.2188759,0,1
7.4046116,2.0021031,1,31,3.4657359,0,1
8.7837515,2.1729035,1,34,3.5553482,0,1
8.7912054,2.1737518,1,20,3.0445225,0,1
9.1082096,2.2091761,1,35,3.583519,0,1
6.5203509,1.8749282,1,23,3.1780539,0,0
9.2191801,2.2212861,1,40,3.713572,0,1
3.3803661,1.217984,1,23,3.1780539,0,0
8.1692181,2.1003733,1,33,3.5263605,0,1
11.712672,2.4606714,1,15,2.7725887,0,1
9.5777044,2.259438,1,31,3.4657359,0,1
7.6134377,2.0299149,1,18,2.9444389,0,1
8.3399267,2.1210544,1,31,3.4657359,0,1
9.9335327,2.2959161,1,33,3.5263605,0,1
8.5917645,2.150804,1,11,2.4849067,0,1
6.5103345,1.8733908,1,28,3.3672957,0,1
8.8030376,2.1750968,1,17,2.8903718,0,1
9.7029037,2.2724252,1,26,3.2958369,0,1
7.7466726,2.0472634,1,18,2.9444389,0,1
7.4649754,2.0102222,1,28,3.3672957,0,1
9.1922235,2.2183578,1,18,2.9444389,0,1
8.8957005,2.1855681,1,37,3.6375861,0,1
9.155158,2.2143176,1,22,3.1354942,0,1
7.9227333,2.0697362,1,19,2.9957323,0,0
4.5071549,1.5056661,1,27,3.3322046,0,1
8.1678104,2.1002009,1,19,2.9957323,0,1
11.972131,2.4825816,1,32,3.4965076,0,1
7.9091902,2.0680254,1,40,3.713572,0,1
11.556808,2.4472747,1,21,3.0910425,0,1
9.5777044,2.259438,1,21,3.0910425,0,1
4.1513267,1.4234279,1,2,1.0986123,0,0
9.8594017,2.2884254,1,30,3.4339871,0,1
7.7466726,2.0472634,1,29,3.4011974,0,1
6.9217019,1.9346616,1,21,3.0910425,0,0
5.6339436,1.7288096,1,32,3.4965076,0,1
8.2559805,2.1109378,1,33,3.5263605,0,1
7.7466726,2.0472634,1,4,1.6094379,0,1
12.676373,2.5397398,1,34,3.5553482,0,1
7.8578691,2.0615156,1,36,3.6109178,0,1
4.5071549,1.5056661,1,13,2.6390574,0,0
7.7466726,2.0472634,1,19,2.9957323,0,1
8.6074142,2.1526239,1,21,3.0910425,0,1
7.7517433,2.0479178,1,37,3.6375861,0,1
11.737383,2.4627788,1,32,3.4965076,0,1
8.0484915,2.0854847,1,21,3.0910425,0,1
8.1543922,2.0985568,1,40,3.713572,0,1
9.8594017,2.2884254,1,21,3.0910425,0,1
8.4509153,2.1342747,1,41,3.7376697,0,0
9.7734098,2.2796655,1,37,3.6375861,0,0
9.9015083,2.2926872,1,26,3.2958369,0,1
7.3554263,1.9954383,1,18,2.9444389,0,1
4.8926353,1.5877311,1,16,2.8332133,0,0
9.0143099,2.1988132,1,27,3.3322046,0,1
6.5966063,1.8865553,1,39,3.6888795,0,0
9.155158,2.2143176,1,21,3.0910425,0,1
6.5007043,1.8719106,1,18,2.9444389,0,1
10.95489,2.393786,1,35,3.583519,0,1
13.380616,2.5938072,1,37,3.6375861,0,1
11.267887,2.4219568,1,24,3.2188759,0,1
7.8875213,2.0652819,1,29,3.4011974,0,0
9.6370087,2.2656107,1,35,3.583519,0,1
11.737383,2.4627788,1,23,3.1780539,0,1
7.3241272,1.991174,1,20,3.0445225,0,1
9.6370087,2.2656107,1,27,3.3322046,0,1
11.119626,2.4087117,1,30,3.4339871,0,1
8.4509153,2.1342747,1,28,3.3672957,0,1
5.3294063,1.6732398,1,32,3.4965076,0,0
8.4509153,2.1342747,1,29,3.4011974,0,1
7.8008447,2.0542321,1,15,2.7725887,0,1
9.6370087,2.2656107,1,33,3.5263605,0,1
7.5119252,2.0164919,1,19,2.9957323,0,0
11.267887,2.4219568,1,37,3.6375861,0,1
10.463038,2.3478489,1,18,2.9444389,0,1
5.9626918,1.785522,1,13,2.6390574,0,0
8.4509153,2.1342747,1,14,2.7080503,0,0
6.0846591,1.8057708,1,28,3.3672957,0,1
7.5454602,2.020946,1,9,2.3025851,0,1
4.9694271,1.6033045,1,19,2.9957323,0,0
10.141099,2.3165963,1,34,3.5553482,0,1
8.1692181,2.1003733,1,34,3.5553482,0,1
9.7185526,2.2740366,1,33,3.5263605,0,1
9.6370087,2.2656107,1,45,3.8286414,0,1
11.267887,2.4219568,2,17,2.8903718,.69314718,1
9.8594017,2.2884254,2,24,3.2188759,.69314718,1
10.563644,2.3574183,2,18,2.9444389,.69314718,1
15.775043,2.7584291,2,20,3.0445225,.69314718,1
8.7728558,2.1716623,2,21,3.0910425,.69314718,1
7.2696047,1.9837019,2,41,3.7376697,.69314718,0
11.267887,2.4219568,2,17,2.8903718,.69314718,1
12.181499,2.4999185,2,22,3.1354942,.69314718,1
12.009196,2.4856727,2,35,3.583519,.69314718,1
9.5777044,2.259438,2,39,3.6888795,.69314718,1
7.0424299,1.9519533,2,12,2.5649493,.69314718,1
6.1797323,1.821275,2,23,3.1780539,.69314718,0
9.1846628,2.217535,2,25,3.2580965,.69314718,1
6.1034393,1.8088524,2,30,3.4339871,.69314718,1
10.971364,2.3952887,2,18,2.9444389,.69314718,1
8.3747807,2.1252248,2,33,3.5263605,.69314718,1
3.4670422,1.2433019,2,20,3.0445225,.69314718,1
9.9651947,2.2990985,2,29,3.4011974,.69314718,1
6.1705098,1.8197814,2,4,1.6094379,.69314718,0
9.155158,2.2143176,2,13,2.6390574,.69314718,1
12.157458,2.4979429,2,35,3.583519,.69314718,1
11.377897,2.4316726,2,33,3.5263605,.69314718,1
7.0424299,1.9519533,2,4,1.6094379,.69314718,1
14.826168,2.6963937,2,34,3.5553482,.69314718,0
10.457023,2.3472738,2,21,3.0910425,.69314718,0
10.563644,2.3574183,2,31,3.4657359,.69314718,0
6.7031941,1.9025842,2,15,2.7725887,.69314718,1
8.2631178,2.1118019,2,16,2.8332133,.69314718,0
5.6339436,1.7288096,2,15,2.7725887,.69314718,0
13.145869,2.5761075,2,34,3.5553482,.69314718,1
8.9204111,2.1883421,2,23,3.1780539,.69314718,1
9.155158,2.2143176,2,8,2.1972246,.69314718,1
7.1832786,1.9717559,2,24,3.2188759,.69314718,1
6.139554,1.8147521,2,22,3.1354942,.69314718,0
13.771862,2.6226275,2,45,3.8286414,.69314718,1
12.305718,2.5100641,2,15,2.7725887,.69314718,1
9.6370087,2.2656107,2,23,3.1780539,.69314718,1
7.8875213,2.0652819,2,18,2.9444389,.69314718,1
12.112979,2.4942775,2,33,3.5263605,.69314718,1
8.4509153,2.1342747,2,37,3.6375861,.69314718,0
6.6717758,1.897886,2,32,3.4965076,.69314718,0
12.157458,2.4979429,2,34,3.5553482,.69314718,0
10.253184,2.3275883,2,15,2.7725887,.69314718,1
6.6511836,1.8947948,2,31,3.4657359,.69314718,0
8.7070036,2.1641278,2,11,2.4849067,.69314718,1
8.1543922,2.0985568,2,21,3.0910425,.69314718,1
7.6962018,2.0407269,2,11,2.4849067,.69314718,1
8.1543922,2.0985568,2,14,2.7080503,.69314718,0
8.0283699,2.0829816,2,21,3.0910425,.69314718,1
9.8594017,2.2884254,2,24,3.2188759,.69314718,1
11.737383,2.4627788,2,23,3.1780539,.69314718,1
14.826168,2.6963937,2,27,3.3322046,.69314718,1
7.5119252,2.0164919,2,23,3.1780539,.69314718,1
12.750504,2.5455709,2,20,3.0445225,.69314718,1
5.3656607,1.6800195,2,26,3.2958369,.69314718,1
11.416149,2.435029,2,23,3.1780539,.69314718,1
10.378317,2.3397188,2,7,2.0794415,.69314718,1
10.674841,2.3678896,2,24,3.2188759,.69314718,0
7.1243439,1.9635177,2,22,3.1354942,.69314718,0
11.443949,2.4374611,2,25,3.2580965,.69314718,1
10.563644,2.3574183,2,20,3.0445225,.69314718,1
11.119626,2.4087117,2,15,2.7725887,.69314718,1
12.305718,2.5100641,2,16,2.8332133,.69314718,1
4.4266701,1.4876477,2,29,3.4011974,.69314718,1
6.4387932,1.8623412,2,24,3.2188759,.69314718,1
7.5477943,2.0212555,2,9,2.3025851,.69314718,1
8.0218458,2.0821686,2,18,2.9444389,.69314718,0
9.3899059,2.2396352,2,13,2.6390574,.69314718,1
8.4509153,2.1342747,2,18,2.9444389,.69314718,0
8.7513924,2.1692128,2,23,3.1780539,.69314718,1
7.9814205,2.0771165,2,20,3.0445225,.69314718,1
8.4509153,2.1342747,2,4,1.6094379,.69314718,1
7.3554263,1.9954383,2,10,2.3978953,.69314718,0
12.417102,2.5190747,2,29,3.4011974,.69314718,1
12.072737,2.4909496,2,14,2.7080503,.69314718,1
11.132228,2.4098444,2,24,3.2188759,.69314718,1
8.8957005,2.1855681,2,14,2.7080503,.69314718,1
5.7100782,1.7422327,2,2,1.0986123,.69314718,1
7.5613456,2.0230491,2,9,2.3025851,.69314718,0
16.901831,2.8274219,2,24,3.2188759,.69314718,1
5.6339436,1.7288096,2,6,1.9459101,.69314718,1
8.0283699,2.0829816,2,34,3.5553482,.69314718,1
6.6717758,1.897886,2,33,3.5263605,.69314718,1
9.6370087,2.2656107,2,24,3.2188759,.69314718,1
7.4424396,2.0071988,2,11,2.4849067,.69314718,1
8.3613358,2.1236181,2,4,1.6094379,.69314718,1
12.898766,2.5571315,2,17,2.8903718,.69314718,0
5.6339436,1.7288096,2,3,1.3862944,.69314718,1
9.8594017,2.2884254,2,30,3.4339871,.69314718,1
10.704493,2.3706634,2,22,3.1354942,.69314718,1
16.760983,2.8190536,2,17,2.8903718,.69314718,1
7.1165605,1.9624245,2,13,2.6390574,.69314718,0
8.0977564,2.0915871,2,15,2.7725887,.69314718,1
4.6198339,1.5303588,2,27,3.3322046,.69314718,1
8.7474394,2.168761,2,34,3.5553482,.69314718,1
9.6370087,2.2656107,2,21,3.0910425,.69314718,1
7.7096076,2.0424674,2,16,2.8332133,.69314718,1
12.206879,2.5019996,2,31,3.4657359,.69314718,1
7.8875213,2.0652819,2,16,2.8332133,.69314718,0
9.155158,2.2143176,2,21,3.0910425,.69314718,1
8.8957005,2.1855681,2,16,2.8332133,.69314718,0
5.4774451,1.7006388,2,8,2.1972246,.69314718,1
8.1543922,2.0985568,2,27,3.3322046,.69314718,1
11.119626,2.4087117,2,22,3.1354942,.69314718,1
10.517535,2.3530438,2,23,3.1780539,.69314718,1
7.0424299,1.9519533,2,13,2.6390574,.69314718,1
5.2583475,1.6598169,2,7,2.0794415,.69314718,1
8.1543922,2.0985568,2,26,3.2958369,.69314718,0
6.8200374,1.9198649,2,20,3.0445225,.69314718,0
11.267887,2.4219568,2,25,3.2580965,.69314718,1
3.6348023,1.2905548,2,4,1.6094379,.69314718,1
6.5729346,1.8829604,2,2,1.0986123,.69314718,1
8.7566509,2.1698136,2,19,2.9957323,.69314718,1
4.3461852,1.4692985,2,12,2.5649493,.69314718,1
9.1395082,2.2126067,2,39,3.6888795,.69314718,1
11.712672,2.4606714,2,30,3.4339871,.69314718,1
9.6033134,2.2621081,2,32,3.4965076,.69314718,1
7.3241272,1.991174,2,10,2.3978953,.69314718,1
8.2176352,2.1062825,2,27,3.3322046,.69314718,0
7.0424299,1.9519533,2,20,3.0445225,.69314718,0
12.557764,2.5303392,2,24,3.2188759,.69314718,1
9.6246538,2.264328,2,27,3.3322046,.69314718,0
9.2196522,2.2213373,2,30,3.4339871,.69314718,0
14.465531,2.6717687,2,35,3.583519,.69314718,1
8.4509153,2.1342747,2,15,2.7725887,.69314718,1
6.4790354,1.8685716,2,3,1.3862944,.69314718,1
13.24738,2.5837998,2,23,3.1780539,.69314718,1
7.7466726,2.0472634,2,3,1.3862944,.69314718,1
7.7466726,2.0472634,2,5,1.7917595,.69314718,1
8.9005041,2.1861079,2,14,2.7080503,.69314718,1
8.2225132,2.1068759,2,25,3.2580965,.69314718,1
10.897233,2.3885088,2,18,2.9444389,.69314718,1
10.563644,2.3574183,2,15,2.7725887,.69314718,1
10.563644,2.3574183,2,38,3.6635616,.69314718,1
6.3381867,1.8465928,2,11,2.4849067,.69314718,1
9.155158,2.2143176,2,29,3.4011974,.69314718,1
7.413084,2.0032465,2,22,3.1354942,.69314718,1
7.1165605,1.9624245,2,4,1.6094379,.69314718,1
11.457792,2.4386702,2,8,2.1972246,.69314718,0
11.712969,2.4606967,2,31,3.4657359,.69314718,1
8.1445894,2.0973539,2,20,3.0445225,.69314718,0
7.3241272,1.991174,2,4,1.6094379,.69314718,0
7.6292987,2.031996,2,14,2.7080503,.69314718,0
6.8618546,1.9259777,2,19,2.9957323,.69314718,1
13.591889,2.6094732,2,21,3.0910425,.69314718,1
10.563644,2.3574183,2,30,3.4339871,.69314718,1
6.1973381,1.8241198,2,0,0,.69314718,0
8.2297096,2.1077507,2,30,3.4339871,.69314718,0
7.6292987,2.031996,2,21,3.0910425,.69314718,0
6.0564895,1.8011303,2,1,.69314718,.69314718,1
5.4461455,1.6949081,2,7,2.0794415,.69314718,0
12.877586,2.5554883,2,24,3.2188759,.69314718,1
13.891334,2.6312652,2,20,3.0445225,.69314718,1
9.9767752,2.3002598,2,35,3.583519,.69314718,0
11.193757,2.4153562,2,28,3.3672957,.69314718,0
7.605824,2.0289142,2,18,2.9444389,.69314718,1
11.972131,2.4825816,2,31,3.4657359,.69314718,1
8.9781342,2.194792,2,19,2.9957323,.69314718,1
9.155158,2.2143176,2,34,3.5553482,.69314718,1
5.5556946,1.7148235,2,33,3.5263605,.69314718,0
7.0424299,1.9519533,2,2,1.0986123,.69314718,1
11.972131,2.4825816,2,16,2.8332133,.69314718,1
10.378317,2.3397188,2,22,3.1354942,.69314718,1
5.7784038,1.7541275,2,0,0,.69314718,1
24.734535,3.2082005,2,46,3.8501475,.69314718,1
5.6339436,1.7288096,2,6,1.9459101,.69314718,1
5.9375505,1.7812967,2,20,3.0445225,.69314718,0
4.8926353,1.5877311,2,5,1.7917595,.69314718,1
17.214828,2.8457711,2,25,3.2580965,.69314718,1
7.413084,2.0032465,2,10,2.3978953,.69314718,0
17.272486,2.8491149,2,38,3.6635616,.69314718,1
6.7070761,1.9031631,2,22,3.1354942,.69314718,0
9.6370087,2.2656107,2,13,2.6390574,.69314718,1
7.9065356,2.0676897,2,31,3.4657359,.69314718,0
7.8578691,2.0615156,2,15,2.7725887,.69314718,1
4.577579,1.5211703,2,26,3.2958369,.69314718,0
7.3032603,1.9883208,2,22,3.1354942,.69314718,0
14.826168,2.6963937,2,23,3.1780539,.69314718,1
10.141099,2.3165963,2,25,3.2580965,.69314718,0
9.1361246,2.2122364,2,14,2.7080503,.69314718,1
7.1165605,1.9624245,2,27,3.3322046,.69314718,0
10.649562,2.3655188,2,20,3.0445225,.69314718,1
11.420156,2.43538,2,33,3.5263605,.69314718,1
8.8957005,2.1855681,2,18,2.9444389,.69314718,1
8.0484915,2.0854847,2,9,2.3025851,.69314718,0
7.0424299,1.9519533,2,5,1.7917595,.69314718,1
9.8594017,2.2884254,2,21,3.0910425,.69314718,1
7.2327657,1.9786215,2,1,.69314718,.69314718,1
7.0424299,1.9519533,2,14,2.7080503,.69314718,0
13.380616,2.5938072,2,21,3.0910425,.69314718,0
8.4469128,2.133801,2,16,2.8332133,.69314718,0
9.3899059,2.2396352,2,32,3.4965076,.69314718,1
5.6339436,1.7288096,2,5,1.7917595,.69314718,1
8.2161674,2.1061039,2,12,2.5649493,.69314718,1
10.658813,2.3663871,2,20,3.0445225,.69314718,1
11.127039,2.4093781,2,20,3.0445225,.69314718,1
7.0424299,1.9519533,2,24,3.2188759,.69314718,1
10.0159,2.3041737,2,18,2.9444389,.69314718,1
14.08486,2.6451004,2,27,3.3322046,.69314718,1
7.4649754,2.0102222,2,6,1.9459101,.69314718,0
10.986191,2.3966391,2,19,2.9957323,.69314718,1
10.986191,2.3966391,2,17,2.8903718,.69314718,1
6.0907497,1.8067712,2,30,3.4339871,.69314718,1
10.532345,2.3544509,2,27,3.3322046,.69314718,0
10.563644,2.3574183,2,26,3.2958369,.69314718,1
16.901831,2.8274219,2,33,3.5263605,.69314718,1
7.8875213,2.0652819,2,10,2.3978953,.69314718,1
8.4509153,2.1342747,2,27,3.3322046,.69314718,1
13.771862,2.6226275,2,39,3.6888795,.69314718,1
6.2590432,1.8340273,2,1,.69314718,.69314718,1
13.380616,2.5938072,2,24,3.2188759,.69314718,0
14.160994,2.6504912,2,31,3.4657359,.69314718,1
2.1909781,.78434807,2,36,3.6109178,.69314718,0
8.4509153,2.1342747,2,17,2.8903718,.69314718,1
7.7466726,2.0472634,2,13,2.6390574,.69314718,0
9.2092743,2.220211,2,26,3.2958369,.69314718,1
7.2537026,1.9815121,2,21,3.0910425,.69314718,1
5.1891584,1.6465715,2,27,3.3322046,.69314718,0
7.1036687,1.9606113,2,24,3.2188759,.69314718,0
6.6198835,1.8900778,2,15,2.7725887,.69314718,1
12.602242,2.5338748,2,32,3.4965076,.69314718,1
7.9814205,2.0771165,2,6,1.9459101,.69314718,1
7.2196174,1.976802,2,13,2.6390574,.69314718,0
10.430209,2.3447063,2,20,3.0445225,.69314718,1
10.641894,2.3647985,2,10,2.3978953,.69314718,1
10.00025,2.3026102,2,20,3.0445225,.69314718,1
8.4509153,2.1342747,2,22,3.1354942,.69314718,1
8.5413637,2.1449206,2,14,2.7080503,.69314718,1
13.380616,2.5938072,2,46,3.8501475,.69314718,1
8.5452099,2.145371,2,11,2.4849067,.69314718,1
9.8945398,2.2919831,2,21,3.0910425,.69314718,1
12.447072,2.5214853,2,22,3.1354942,.69314718,0
11.267887,2.4219568,2,20,3.0445225,.69314718,1
8.0061312,2.0802076,2,34,3.5553482,.69314718,1
5.2113981,1.6508482,2,15,2.7725887,.69314718,1
10.296625,2.3318162,2,13,2.6390574,.69314718,1
7.7118125,2.0427532,2,29,3.4011974,.69314718,1
9.3899059,2.2396352,2,25,3.2580965,.69314718,1
8.5991774,2.1516666,2,23,3.1780539,.69314718,1
8.7639122,2.1706424,2,28,3.3672957,.69314718,1
8.3026533,2.1165752,2,45,3.8286414,.69314718,1
7.0980649,1.9598222,2,38,3.6635616,.69314718,1
10.328897,2.3349454,2,14,2.7080503,.69314718,1
12.568028,2.5311561,2,14,2.7080503,.69314718,1
6.7759595,1.913381,2,15,2.7725887,.69314718,0
7.7096076,2.0424674,2,29,3.4011974,.69314718,0
8.5135155,2.141655,2,16,2.8332133,.69314718,1
10.378317,2.3397188,2,32,3.4965076,.69314718,1
10.256742,2.3279352,2,6,1.9459101,.69314718,1
9.8232861,2.2847557,2,40,3.713572,.69314718,1
7.179275,1.9711984,2,31,3.4657359,.69314718,0
6.1034393,1.8088524,2,24,3.2188759,.69314718,1
7.9814205,2.0771165,2,26,3.2958369,.69314718,0
9.5777044,2.259438,2,25,3.2580965,.69314718,1
5.2818222,1.6642711,2,15,2.7725887,.69314718,0
8.095088,2.0912576,2,32,3.4965076,.69314718,0
9.2960072,2.2295849,2,27,3.3322046,.69314718,0
8.8957005,2.1855681,2,12,2.5649493,.69314718,1
9.8974686,2.292279,2,29,3.4011974,.69314718,1
20.946714,3.0419817,2,27,3.3322046,.69314718,1
6.3381867,1.8465928,2,2,1.0986123,.69314718,1
8.5196218,2.1423719,2,22,3.1354942,.69314718,1
9.6370087,2.2656107,2,23,3.1780539,.69314718,0
7.5776544,2.0252037,2,29,3.4011974,.69314718,1
10.112206,2.3137434,2,11,2.4849067,.69314718,1
9.3389654,2.2341955,3,38,3.6635616,1.0986123,1
8.4509153,2.1342747,3,5,1.7917595,1.0986123,1
7.7466726,2.0472634,3,1,.69314718,1.0986123,0
12.413549,2.5187886,3,19,2.9957323,1.0986123,0
11.972131,2.4825816,3,16,2.8332133,1.0986123,1
10.786185,2.3782661,3,9,2.3025851,1.0986123,1
14.165344,2.6507983,3,9,2.3025851,1.0986123,1
7.605824,2.0289142,3,20,3.0445225,1.0986123,0
13.771862,2.6226275,3,26,3.2958369,1.0986123,1
10.141099,2.3165963,3,22,3.1354942,1.0986123,1
9.6370087,2.2656107,3,4,1.6094379,1.0986123,1
12.253827,2.5058384,3,13,2.6390574,1.0986123,1
13.771862,2.6226275,3,25,3.2580965,1.0986123,1
27.387226,3.3100767,3,35,3.583519,1.0986123,1
4.5071549,1.5056661,3,3,1.3862944,1.0986123,0
7.7072349,2.0421596,3,30,3.4339871,1.0986123,1
14.826168,2.6963937,3,22,3.1354942,1.0986123,1
9.5745907,2.2591128,3,15,2.7725887,1.0986123,1
10.172399,2.3196781,3,33,3.5263605,1.0986123,0
7.1676288,1.9695749,3,5,1.7917595,1.0986123,1
15.722633,2.7551012,3,46,3.8501475,1.0986123,1
9.2960072,2.2295849,3,6,1.9459101,1.0986123,0
17.214828,2.8457711,3,24,3.2188759,1.0986123,1
11.267887,2.4219568,3,19,2.9957323,1.0986123,1
8.5991774,2.1516666,3,22,3.1354942,1.0986123,1
6.6903081,1.9006599,3,12,2.5649493,1.0986123,1
5.3522463,1.6775163,3,4,1.6094379,1.0986123,1
9.8594017,2.2884254,3,16,2.8332133,1.0986123,1
8.3100672,2.1174676,3,42,3.7612002,1.0986123,0
9.1922235,2.2183578,3,18,2.9444389,1.0986123,1
10.563644,2.3574183,3,10,2.3978953,1.0986123,1
14.08486,2.6451004,3,15,2.7725887,1.0986123,1
11.119626,2.4087117,3,8,2.1972246,1.0986123,0
10.463038,2.3478489,3,23,3.1780539,1.0986123,0
8.4509153,2.1342747,3,12,2.5649493,1.0986123,1
8.8957005,2.1855681,3,11,2.4849067,1.0986123,1
10.172399,2.3196781,3,21,3.0910425,1.0986123,0
7.7466726,2.0472634,3,6,1.9459101,1.0986123,1
13.536692,2.6054039,3,39,3.6888795,1.0986123,1
8.4509153,2.1342747,3,19,2.9957323,1.0986123,1
10.563644,2.3574183,3,9,2.3025851,1.0986123,1
10.658813,2.3663871,3,20,3.0445225,1.0986123,0
13.380616,2.5938072,3,20,3.0445225,1.0986123,1
17.60462,2.8681614,3,23,3.1780539,1.0986123,1
9.2862415,2.228534,3,34,3.5553482,1.0986123,1
5.3120041,1.6699692,3,3,1.3862944,1.0986123,0
14.826168,2.6963937,3,26,3.2958369,1.0986123,1
15.079084,2.7133086,3,29,3.4011974,1.0986123,1
6.3011212,1.8407276,3,4,1.6094379,1.0986123,0
9.6370087,2.2656107,3,17,2.8903718,1.0986123,0
7.8875213,2.0652819,3,15,2.7725887,1.0986123,0
9.4368563,2.2446229,3,14,2.7080503,1.0986123,1
11.893881,2.4760242,3,18,2.9444389,1.0986123,1
11.860934,2.4732502,3,8,2.1972246,1.0986123,0
8.4509153,2.1342747,3,31,3.4657359,1.0986123,1
6.7607322,1.9111311,3,3,1.3862944,1.0986123,1
9.8594017,2.2884254,3,15,2.7725887,1.0986123,1
12.072737,2.4909496,3,24,3.2188759,1.0986123,1
12.351338,2.5137644,3,4,1.6094379,1.0986123,1
15.493345,2.7404106,3,20,3.0445225,1.0986123,1
9.7852707,2.2808783,3,18,2.9444389,1.0986123,1
7.8875213,2.0652819,3,8,2.1972246,1.0986123,0
8.1543922,2.0985568,3,11,2.4849067,1.0986123,1
7.0424299,1.9519533,3,33,3.5263605,1.0986123,1
15.157991,2.7185278,3,31,3.4657359,1.0986123,1
9.4406624,2.2450261,3,9,2.3025851,1.0986123,1
6.5494599,1.8793826,3,2,1.0986123,1.0986123,1
15.226875,2.723062,3,29,3.4011974,1.0986123,1
7.7466726,2.0472634,3,10,2.3978953,1.0986123,1
5.9156408,1.7775998,3,3,1.3862944,1.0986123,0
5.3522463,1.6775163,3,14,2.7080503,1.0986123,1
7.7096076,2.0424674,3,7,2.0794415,1.0986123,0
4.7888522,1.5662907,3,23,3.1780539,1.0986123,0
9.5067167,2.2519987,3,12,2.5649493,1.0986123,1
9.4887476,2.2501066,3,12,2.5649493,1.0986123,1
6.8959475,1.930934,3,7,2.0794415,1.0986123,1
7.5229459,2.0179577,3,9,2.3025851,1.0986123,0
10.563644,2.3574183,3,30,3.4339871,1.0986123,1
7.5119252,2.0164919,3,10,2.3978953,1.0986123,1
6.3381867,1.8465928,3,18,2.9444389,1.0986123,0
7.5404706,2.0202847,3,17,2.8903718,1.0986123,1
13.343552,2.5910332,3,18,2.9444389,1.0986123,1
6.6582971,1.8958638,3,16,2.8332133,1.0986123,0
8.7474394,2.168761,3,10,2.3978953,1.0986123,0
9.6442738,2.2663643,3,18,2.9444389,1.0986123,1
6.5353746,1.8772297,3,3,1.3862944,1.0986123,0
8.8957005,2.1855681,3,11,2.4849067,1.0986123,1
7.3241272,1.991174,3,6,1.9459101,1.0986123,1
18.779812,2.9327824,3,43,3.7841897,1.0986123,1
7.0424299,1.9519533,3,5,1.7917595,1.0986123,1
10.081795,2.3107314,3,10,2.3978953,1.0986123,0
19.718803,2.9815726,3,24,3.2188759,1.0986123,1
8.8957005,2.1855681,3,18,2.9444389,1.0986123,1
22.535774,3.115104,3,15,2.7725887,1.0986123,1
11.408736,2.4343793,3,22,3.1354942,1.0986123,1
12.676373,2.5397398,3,35,3.583519,1.0986123,1
8.0899334,2.0906205,3,9,2.3025851,1.0986123,1
2.4789352,.90782911,3,16,2.8332133,1.0986123,0
11.267887,2.4219568,3,2,1.0986123,1.0986123,1
15.226875,2.723062,3,22,3.1354942,1.0986123,1
8.5515213,2.1461091,3,15,2.7725887,1.0986123,1
5.9022269,1.7753297,3,2,1.0986123,1.0986123,1
24.463177,3.1971691,3,16,2.8332133,1.0986123,0
11.161867,2.4125032,3,29,3.4011974,1.0986123,1
6.3381867,1.8465928,3,1,.69314718,1.0986123,1
14.826168,2.6963937,3,32,3.4965076,1.0986123,1
7.9814205,2.0771165,3,2,1.0986123,1.0986123,0
10.197587,2.3221512,3,30,3.4339871,1.0986123,0
9.3899059,2.2396352,3,13,2.6390574,1.0986123,0
12.181499,2.4999185,3,37,3.6375861,1.0986123,1
7.156631,1.9680394,3,9,2.3025851,1.0986123,0
10.081795,2.3107314,3,15,2.7725887,1.0986123,1
5.7010145,1.7406441,3,1,.69314718,1.0986123,1
9.6370087,2.2656107,3,15,2.7725887,1.0986123,1
7.8578691,2.0615156,3,24,3.2188759,1.0986123,0
15.493345,2.7404106,3,32,3.4965076,1.0986123,1
11.564411,2.4479325,3,19,2.9957323,1.0986123,1
10.0159,2.3041737,3,26,3.2958369,1.0986123,0
10.463038,2.3478489,3,25,3.2580965,1.0986123,0
10.081795,2.3107314,3,6,1.9459101,1.0986123,0
11.724693,2.4616971,3,14,2.7080503,1.0986123,0
11.972131,2.4825816,3,23,3.1780539,1.0986123,1
7.7466726,2.0472634,3,13,2.6390574,1.0986123,0
9.8030624,2.2826948,3,20,3.0445225,1.0986123,1
6.6717758,1.897886,3,2,1.0986123,1.0986123,0
18.384447,2.911505,3,28,3.3672957,1.0986123,1
11.549584,2.4466496,3,29,3.4011974,1.0986123,0
12.486038,2.524611,3,30,3.4339871,1.0986123,1
6.3381867,1.8465928,3,1,.69314718,1.0986123,1
8.7474394,2.168761,3,22,3.1354942,1.0986123,0
9.4368563,2.2446229,3,8,2.1972246,1.0986123,1
10.892291,2.3880553,3,14,2.7080503,1.0986123,0
16.78521,2.8204982,3,18,2.9444389,1.0986123,1
6.6717758,1.897886,3,11,2.4849067,1.0986123,0
9.155158,2.2143176,3,42,3.7612002,1.0986123,0
8.1543922,2.0985568,3,18,2.9444389,1.0986123,0
7.7466726,2.0472634,3,13,2.6390574,1.0986123,1
13.302367,2.5879421,3,31,3.4657359,1.0986123,1
11.074455,2.4046412,3,28,3.3672957,1.0986123,0
10.0159,2.3041737,3,9,2.3025851,1.0986123,1
10.563644,2.3574183,3,30,3.4339871,1.0986123,1
7.0424299,1.9519533,3,14,2.7080503,1.0986123,1
10.328897,2.3349454,3,22,3.1354942,1.0986123,1
9.4887476,2.2501066,3,17,2.8903718,1.0986123,1
8.3100672,2.1174676,3,14,2.7080503,1.0986123,0
6.3100171,1.8421384,3,43,3.7841897,1.0986123,1
10.658813,2.3663871,3,11,2.4849067,1.0986123,1
11.831282,2.470747,3,22,3.1354942,1.0986123,1
11.165142,2.4127965,3,22,3.1354942,1.0986123,0
10.883755,2.3872714,3,24,3.2188759,1.0986123,1
15.261678,2.7253449,3,25,3.2580965,1.0986123,1
6.5007043,1.8719106,3,13,2.6390574,1.0986123,0
14.08486,2.6451004,3,25,3.2580965,1.0986123,1
15.493345,2.7404106,3,37,3.6375861,1.0986123,1
8.6676064,2.1595926,3,6,1.9459101,1.0986123,1
6.5729346,1.8829604,3,11,2.4849067,1.0986123,0
7.0424299,1.9519533,3,5,1.7917595,1.0986123,1
13.704187,2.6177015,3,30,3.4339871,1.0986123,0
12.602242,2.5338748,3,22,3.1354942,1.0986123,1
13.458866,2.599638,3,28,3.3672957,1.0986123,1
6.6717758,1.897886,3,4,1.6094379,1.0986123,0
11.08009,2.4051497,3,17,2.8903718,1.0986123,0
7.7096076,2.0424674,3,18,2.9444389,1.0986123,1
11.420156,2.43538,3,32,3.4965076,1.0986123,0
11.233639,2.4189126,3,19,2.9957323,1.0986123,0
11.148017,2.4112616,3,21,3.0910425,1.0986123,1
8.0870562,2.0902648,3,7,2.0794415,1.0986123,0
7.413084,2.0032465,3,5,1.7917595,1.0986123,0
6.6668334,1.897145,3,16,2.8332133,1.0986123,1
6.7607322,1.9111311,3,15,2.7725887,1.0986123,1
12.181499,2.4999185,3,16,2.8332133,1.0986123,1
16.901831,2.8274219,3,22,3.1354942,1.0986123,1
12.750504,2.5455709,3,25,3.2580965,1.0986123,1
8.1543922,2.0985568,3,11,2.4849067,1.0986123,0
8.6074142,2.1526239,3,13,2.6390574,1.0986123,0
6.9346437,1.9365296,3,2,1.0986123,1.0986123,1
13.145869,2.5761075,3,13,2.6390574,1.0986123,1
10.094337,2.3119745,3,12,2.5649493,1.0986123,1
9.5777044,2.259438,3,4,1.6094379,1.0986123,0
12.602242,2.5338748,3,31,3.4657359,1.0986123,0
12.519875,2.5273173,3,13,2.6390574,1.0986123,1
9.8594017,2.2884254,3,15,2.7725887,1.0986123,1
15.115459,2.715718,3,9,2.3025851,1.0986123,1
17.70668,2.8739419,3,15,2.7725887,1.0986123,0
8.8957005,2.1855681,3,14,2.7080503,1.0986123,1
9.7185526,2.2740366,3,15,2.7725887,1.0986123,1
10.328897,2.3349454,3,16,2.8332133,1.0986123,1
7.8075194,2.0550873,3,21,3.0910425,1.0986123,0
13.343552,2.5910332,3,24,3.2188759,1.0986123,1
11.391093,2.4328318,3,34,3.5553482,1.0986123,1
11.119626,2.4087117,3,18,2.9444389,1.0986123,1
12.576215,2.5318074,3,17,2.8903718,1.0986123,1
8.8734617,2.1830649,3,12,2.5649493,1.0986123,0
11.972131,2.4825816,3,9,2.3025851,1.0986123,0
7.7096076,2.0424674,3,25,3.2580965,1.0986123,1
5.1644483,1.6417983,3,7,2.0794415,1.0986123,1
9.3899059,2.2396352,3,22,3.1354942,1.0986123,1
9.3899059,2.2396352,3,17,2.8903718,1.0986123,1
14.272657,2.6583457,3,16,2.8332133,1.0986123,0
10.704493,2.3706634,3,14,2.7080503,1.0986123,1
13.868169,2.6295962,3,34,3.5553482,1.0986123,1
11.860934,2.4732502,3,12,2.5649493,1.0986123,1
7.4336762,2.0060205,3,1,.69314718,1.0986123,1
11.860934,2.4732502,3,16,2.8332133,1.0986123,1
6.5103345,1.8733908,3,7,2.0794415,1.0986123,1
4.9632359,1.6020579,3,5,1.7917595,1.0986123,0
8.1543922,2.0985568,3,9,2.3025851,1.0986123,0
10.378317,2.3397188,3,22,3.1354942,1.0986123,0
11.680127,2.4578888,3,15,2.7725887,1.0986123,1
9.121623,2.2106478,3,35,3.583519,1.0986123,1
9.2960072,2.2295849,3,12,2.5649493,1.0986123,1
9.8907013,2.291595,3,25,3.2580965,1.0986123,1
6.6198835,1.8900778,3,5,1.7917595,1.0986123,1
8.1948271,2.1035032,3,12,2.5649493,1.0986123,1
8.1543922,2.0985568,3,20,3.0445225,1.0986123,1
10.0159,2.3041737,3,21,3.0910425,1.0986123,0
10.96335,2.394558,3,16,2.8332133,1.0986123,0
10.015775,2.3041613,3,33,3.5263605,1.0986123,1
9.155158,2.2143176,3,35,3.583519,1.0986123,1
8.1543922,2.0985568,3,11,2.4849067,1.0986123,0
5.6339436,1.7288096,3,6,1.9459101,1.0986123,1
15.115459,2.715718,3,27,3.3322046,1.0986123,1
10.563644,2.3574183,3,19,2.9957323,1.0986123,1
11.145411,2.4110279,3,27,3.3322046,1.0986123,0
11.972131,2.4825816,3,34,3.5553482,1.0986123,1
12.986991,2.5639482,3,19,2.9957323,1.0986123,0
7.9814205,2.0771165,3,12,2.5649493,1.0986123,0
13.380616,2.5938072,3,24,3.2188759,1.0986123,1
22.535774,3.115104,3,20,3.0445225,1.0986123,1
9.8907013,2.291595,3,8,2.1972246,1.0986123,0
8.1543922,2.0985568,3,22,3.1354942,1.0986123,0
7.605824,2.0289142,3,12,2.5649493,1.0986123,1
9.4335804,2.2442758,3,25,3.2580965,1.0986123,0
13.343552,2.5910332,3,21,3.0910425,1.0986123,1
8.1543922,2.0985568,3,32,3.4965076,1.0986123,1
8.9630928,2.1931152,3,29,3.4011974,1.0986123,1
8.1543922,2.0985568,3,6,1.9459101,1.0986123,1
11.737383,2.4627788,3,24,3.2188759,1.0986123,0
8.3852797,2.1264777,3,9,2.3025851,1.0986123,0
14.05669,2.6430984,3,22,3.1354942,1.0986123,0
11.860934,2.4732502,3,17,2.8903718,1.0986123,1
9.1410742,2.2127779,3,21,3.0910425,1.0986123,1
11.848434,2.4721959,3,15,2.7725887,1.0986123,1
6.7607322,1.9111311,3,26,3.2958369,1.0986123,1
12.676373,2.5397398,3,33,3.5263605,1.0986123,1
19.587391,2.9748859,3,22,3.1354942,1.0986123,1
8.6074142,2.1526239,3,14,2.7080503,1.0986123,1
9.4887476,2.2501066,3,28,3.3672957,1.0986123,1
9.4368563,2.2446229,3,14,2.7080503,1.0986123,0
12.206879,2.5019996,3,39,3.6888795,1.0986123,0
10.378317,2.3397188,3,5,1.7917595,1.0986123,1
11.62253,2.4529455,3,14,2.7080503,1.0986123,1
7.1908488,1.9728092,3,3,1.3862944,1.0986123,0
8.1379194,2.0965345,3,4,1.6094379,1.0986123,1
7.7967854,2.0537114,3,15,2.7725887,1.0986123,0
10.557025,2.3567915,3,5,1.7917595,1.0986123,1
12.898766,2.5571315,3,17,2.8903718,1.0986123,1
10.731321,2.3731668,3,19,2.9957323,1.0986123,0
10.658813,2.3663871,3,16,2.8332133,1.0986123,1
5.1223817,1.6336195,3,1,.69314718,1.0986123,0
6.9856005,1.943851,3,21,3.0910425,1.0986123,0
8.9204111,2.1883421,3,32,3.4965076,1.0986123,1
10.227832,2.3251126,3,9,2.3025851,1.0986123,0
8.6074142,2.1526239,3,23,3.1780539,1.0986123,1
10.378317,2.3397188,3,15,2.7725887,1.0986123,1
8.1812916,2.10185,3,8,2.1972246,1.0986123,0
7.6292987,2.031996,3,10,2.3978953,1.0986123,0
9.9533005,2.2979043,3,14,2.7080503,1.0986123,0
12.602242,2.5338748,3,22,3.1354942,1.0986123,1
8.6387138,2.1562538,3,11,2.4849067,1.0986123,0
5.8843412,1.7722948,3,10,2.3978953,1.0986123,1
7.7466726,2.0472634,3,4,1.6094379,1.0986123,0
6.1461205,1.8158211,3,6,1.9459101,1.0986123,1
7.7466726,2.0472634,3,29,3.4011974,1.0986123,1
5.7996478,1.7577972,3,1,.69314718,1.0986123,0
6.2269902,1.8288931,3,1,.69314718,1.0986123,1
8.4509153,2.1342747,3,19,2.9957323,1.0986123,1
8.6676064,2.1595926,3,11,2.4849067,1.0986123,0
6.3752522,1.8524237,3,16,2.8332133,1.0986123,0
6.795475,1.9162569,3,2,1.0986123,1.0986123,1
10.731321,2.3731668,3,11,2.4849067,1.0986123,1
7.605824,2.0289142,3,31,3.4657359,1.0986123,1
8.9085999,2.1870172,3,12,2.5649493,1.0986123,1
10.770775,2.3768365,3,4,1.6094379,1.0986123,1
9.5628786,2.2578888,3,21,3.0910425,1.0986123,1
12.535525,2.5285666,3,20,3.0445225,1.0986123,1
12.394676,2.517267,3,21,3.0910425,1.0986123,0
9.1055098,2.2088797,3,18,2.9444389,1.0986123,0
7.5119252,2.0164919,3,12,2.5649493,1.0986123,1
7.605824,2.0289142,3,16,2.8332133,1.0986123,0
6.2255077,1.828655,3,23,3.1780539,1.0986123,0
7.3789015,1.9986248,3,25,3.2580965,1.0986123,1
8.1379194,2.0965345,3,14,2.7080503,1.0986123,1
9.155158,2.2143176,3,15,2.7725887,1.0986123,1
8.4509153,2.1342747,3,6,1.9459101,1.0986123,1
8.1543922,2.0985568,3,2,1.0986123,1.0986123,1
30.730602,3.4252589,3,23,3.1780539,1.0986123,0
14.867352,2.6991677,3,17,2.8903718,1.0986123,1
11.496766,2.4420657,3,29,3.4011974,1.0986123,0
10.798392,2.3793972,3,28,3.3672957,1.0986123,1
6.7028389,1.9025311,3,26,3.2958369,1.0986123,0
8.8842955,2.1842852,3,22,3.1354942,1.0986123,0
7.413084,2.0032465,3,7,2.0794415,1.0986123,1
6.7607322,1.9111311,3,11,2.4849067,1.0986123,0
10.641894,2.3647985,3,17,2.8903718,1.0986123,1
6.6550221,1.8953718,3,18,2.9444389,1.0986123,0
5.6339436,1.7288096,3,36,3.6109178,1.0986123,1
8.4509153,2.1342747,3,16,2.8332133,1.0986123,1
10.141099,2.3165963,3,7,2.0794415,1.0986123,1
5.955883,1.7843795,3,3,1.3862944,1.0986123,0
8.8957005,2.1855681,3,21,3.0910425,1.0986123,0
10.172399,2.3196781,3,29,3.4011974,1.0986123,0
2.2535775,.81251895,3,47,3.871201,1.0986123,0
8.6074142,2.1526239,3,3,1.3862944,1.0986123,0
9.3899059,2.2396352,3,18,2.9444389,1.0986123,0
7.7881861,2.052608,3,16,2.8332133,1.0986123,0
8.6621885,2.1589675,3,12,2.5649493,1.0986123,1
17.019205,2.8343425,3,24,3.2188759,1.0986123,1
16.484671,2.8024309,3,24,3.2188759,1.0986123,1
11.267887,2.4219568,3,28,3.3672957,1.0986123,1
7.3089004,1.9890928,3,13,2.6390574,1.0986123,0
5.6339436,1.7288096,3,19,2.9957323,1.0986123,1
11.420156,2.43538,3,4,1.6094379,1.0986123,1
6.7607322,1.9111311,3,13,2.6390574,1.0986123,1
10.141099,2.3165963,3,11,2.4849067,1.0986123,0
8.0061312,2.0802076,3,3,1.3862944,1.0986123,0
12.519875,2.5273173,3,19,2.9957323,1.0986123,1
11.712672,2.4606714,3,17,2.8903718,1.0986123,0
8.8957005,2.1855681,3,16,2.8332133,1.0986123,1
11.900298,2.4765635,3,25,3.2580965,1.0986123,1
8.8315878,2.1783347,3,27,3.3322046,1.0986123,1
14.767632,2.6924376,3,18,2.9444389,1.0986123,0
8.0702438,2.0881836,3,9,2.3025851,1.0986123,0
8.4120417,2.1296642,3,21,3.0910425,1.0986123,0
10.641894,2.3647985,3,13,2.6390574,1.0986123,0
11.474059,2.4400887,3,17,2.8903718,1.0986123,0
12.602242,2.5338748,3,34,3.5553482,1.0986123,1
9.0545521,2.2032676,3,7,2.0794415,1.0986123,0
9.0769091,2.2057338,3,1,.69314718,1.0986123,0
7.4336762,2.0060205,3,3,1.3862944,1.0986123,0
11.701268,2.4596972,3,27,3.3322046,1.0986123,1
8.5917645,2.150804,3,18,2.9444389,1.0986123,1
6.2130075,1.826645,3,0,0,1.0986123,0
10.563644,2.3574183,3,24,3.2188759,1.0986123,0
6.9015808,1.9317505,3,3,1.3862944,1.0986123,0
7.0424299,1.9519533,3,11,2.4849067,1.0986123,0
10.462937,2.3478394,3,21,3.0910425,1.0986123,1
7.1989284,1.9739321,3,4,1.6094379,1.0986123,0
8.4509153,2.1342747,3,16,2.8332133,1.0986123,1
5.4774451,1.7006388,3,2,1.0986123,1.0986123,0
6.9860902,1.9439211,3,18,2.9444389,1.0986123,0
12.174811,2.4993691,3,10,2.3978953,1.0986123,0
14.507405,2.6746593,3,38,3.6635616,1.0986123,0
13.343552,2.5910332,3,18,2.9444389,1.0986123,0
10.510435,2.3523686,3,15,2.7725887,1.0986123,0
8.1692181,2.1003733,3,11,2.4849067,1.0986123,1
15.758409,2.757374,3,25,3.2580965,1.0986123,1
7.605824,2.0289142,3,4,1.6094379,1.0986123,0
9.5777044,2.259438,3,19,2.9957323,1.0986123,1
5.5684328,1.7171136,3,3,1.3862944,1.0986123,0
14.446011,2.6704183,3,18,2.9444389,1.0986123,1
10.281947,2.3303897,3,19,2.9957323,1.0986123,1
7.4660411,2.0103648,3,5,1.7917595,1.0986123,0
10.834507,2.3827362,3,26,3.2958369,1.0986123,1
9.6370087,2.2656107,3,14,2.7080503,1.0986123,0
7.2852721,1.9858547,3,16,2.8332133,1.0986123,0
22.40773,3.109406,3,32,3.4965076,1.0986123,1
10.450652,2.3466644,3,10,2.3978953,1.0986123,0
8.5991774,2.1516666,3,5,1.7917595,1.0986123,0
7.7748423,2.0508931,3,28,3.3672957,1.0986123,1
4.7711453,1.5625864,3,3,1.3862944,1.0986123,1
15.226875,2.723062,3,24,3.2188759,1.0986123,1
8.5635948,2.1475201,3,4,1.6094379,1.0986123,1
9.7185526,2.2740366,3,6,1.9459101,1.0986123,1
9.0545521,2.2032676,3,18,2.9444389,1.0986123,0
5.7466226,1.7486123,3,13,2.6390574,1.0986123,1
9.0143099,2.1988132,3,18,2.9444389,1.0986123,0
12.05664,2.4896154,3,26,3.2958369,1.0986123,1
7.7988605,2.0539777,3,20,3.0445225,1.0986123,0
12.631895,2.5362251,3,18,2.9444389,1.0986123,1
14.019349,2.6404386,3,17,2.8903718,1.0986123,1
14.08486,2.6451004,3,31,3.4657359,1.0986123,1
14.648254,2.6843212,3,33,3.5263605,1.0986123,1
10.328897,2.3349454,3,35,3.583519,1.0986123,1
12.770272,2.5471201,3,32,3.4965076,1.0986123,1
13.944011,2.6350501,3,31,3.4657359,1.0986123,1
12.743444,2.545017,3,26,3.2958369,1.0986123,1
8.1692181,2.1003733,3,9,2.3025851,1.0986123,0
20.814293,3.03564,3,22,3.1354942,1.0986123,1
13.343552,2.5910332,3,13,2.6390574,1.0986123,0
8.1097488,2.0930669,3,6,1.9459101,1.0986123,1
5.955883,1.7843795,3,8,2.1972246,1.0986123,0
8.8734617,2.1830649,3,5,1.7917595,1.0986123,1
7.8875213,2.0652819,3,10,2.3978953,1.0986123,1
8.9318619,2.1896248,3,14,2.7080503,1.0986123,1
13.256338,2.5844758,3,5,1.7917595,1.0986123,1
6.3011212,1.8407276,3,4,1.6094379,1.0986123,0
13.771862,2.6226275,3,17,2.8903718,1.0986123,1
7.264822,1.9830438,3,9,2.3025851,1.0986123,1
8.0061312,2.0802076,3,5,1.7917595,1.0986123,1
8.8957005,2.1855681,3,16,2.8332133,1.0986123,1
14.889709,2.7006702,3,29,3.4011974,1.0986123,0
7.4368057,2.0064414,3,4,1.6094379,1.0986123,0
13.928362,2.6339271,3,33,3.5263605,1.0986123,1
19.185862,2.9541736,3,35,3.583519,1.0986123,0
21.127289,3.0505655,3,32,3.4965076,1.0986123,0
9.6370087,2.2656107,3,11,2.4849067,1.0986123,0
7.7050214,2.0418723,3,12,2.5649493,1.0986123,0
13.565943,2.6075625,3,16,2.8332133,1.0986123,1
18.343973,2.909301,3,43,3.7841897,1.0986123,1
9.0143099,2.1988132,3,10,2.3978953,1.0986123,0
9.8416109,2.2866194,3,15,2.7725887,1.0986123,0
8.4509153,2.1342747,3,10,2.3978953,1.0986123,1
8.3026533,2.1165752,3,12,2.5649493,1.0986123,0
10.563644,2.3574183,3,21,3.0910425,1.0986123,0
8.8030376,2.1750968,3,3,1.3862944,1.0986123,1
14.08486,2.6451004,3,34,3.5553482,1.0986123,1
7.5119252,2.0164919,3,23,3.1780539,1.0986123,1
9.7536907,2.2776458,3,12,2.5649493,1.0986123,1
14.511674,2.6749535,3,23,3.1780539,1.0986123,0
10.304187,2.3325503,4,15,2.7725887,1.3862944,1
10.817172,2.381135,4,4,1.6094379,1.3862944,0
8.0484915,2.0854847,4,4,1.6094379,1.3862944,0
9.1922235,2.2183578,4,6,1.9459101,1.3862944,0
13.348784,2.5914254,4,25,3.2580965,1.3862944,1
7.2771773,1.984743,4,16,2.8332133,1.3862944,1
5.9860654,1.7894343,4,10,2.3978953,1.3862944,0
12.743444,2.545017,4,24,3.2188759,1.3862944,1
8.6521282,2.1578054,4,6,1.9459101,1.3862944,0
8.1911278,2.1030517,4,14,2.7080503,1.3862944,1
7.6762481,2.038131,4,3,1.3862944,1.3862944,0
7.6826506,2.0389645,4,5,1.7917595,1.3862944,1
7.5613456,2.0230491,4,1,.69314718,1.3862944,1
20.441875,3.0175855,4,24,3.2188759,1.3862944,1
6.6903081,1.9006599,4,2,1.0986123,1.3862944,0
12.072737,2.4909496,4,28,3.3672957,1.3862944,1
9.8266459,2.2850976,4,10,2.3978953,1.3862944,0
12.989371,2.5641315,4,14,2.7080503,1.3862944,1
8.4509153,2.1342747,4,6,1.9459101,1.3862944,0
8.7191982,2.1655273,4,14,2.7080503,1.3862944,1
11.267887,2.4219568,4,24,3.2188759,1.3862944,1
8.3100672,2.1174676,4,2,1.0986123,1.3862944,0
15.988218,2.771852,4,18,2.9444389,1.3862944,1
10.704493,2.3706634,4,25,3.2580965,1.3862944,1
9.1922235,2.2183578,4,5,1.7917595,1.3862944,0
12.478148,2.5239789,4,13,2.6390574,1.3862944,0
6.3381867,1.8465928,4,10,2.3978953,1.3862944,0
11.190251,2.4150429,4,33,3.5263605,1.3862944,1
8.9168434,2.187942,4,12,2.5649493,1.3862944,0
10.0159,2.3041737,4,5,1.7917595,1.3862944,1
17.214828,2.8457711,4,33,3.5263605,1.3862944,1
26.479534,3.2763722,4,45,3.8286414,1.3862944,1
5.9860654,1.7894343,4,4,1.6094379,1.3862944,0
13.343552,2.5910332,4,15,2.7725887,1.3862944,0
11.860934,2.4732502,4,6,1.9459101,1.3862944,0
10.685847,2.3689201,4,11,2.4849067,1.3862944,0
9.5777044,2.259438,4,25,3.2580965,1.3862944,1
8.0283699,2.0829816,4,7,2.0794415,1.3862944,0
15.493345,2.7404106,4,32,3.4965076,1.3862944,1
8.8734617,2.1830649,4,10,2.3978953,1.3862944,0
7.5119252,2.0164919,4,6,1.9459101,1.3862944,0
9.5072803,2.2520578,4,24,3.2188759,1.3862944,0
8.6074142,2.1526239,4,13,2.6390574,1.3862944,0
19.718803,2.9815726,4,18,2.9444389,1.3862944,0
13.343552,2.5910332,4,27,3.3322046,1.3862944,0
14.867352,2.6991677,4,29,3.4011974,1.3862944,0
10.842672,2.3834896,4,16,2.8332133,1.3862944,1
11.267887,2.4219568,4,20,3.0445225,1.3862944,1
11.947592,2.4805298,4,22,3.1354942,1.3862944,0
7.8875213,2.0652819,4,26,3.2958369,1.3862944,0
9.3899059,2.2396352,4,4,1.6094379,1.3862944,1
9.0143099,2.1988132,4,7,2.0794415,1.3862944,1
16.432335,2.7992511,4,26,3.2958369,1.3862944,1
9.7185526,2.2740366,4,8,2.1972246,1.3862944,0
13.204556,2.5805619,4,10,2.3978953,1.3862944,0
14.08486,2.6451004,4,19,2.9957323,1.3862944,1
10.943935,2.3927855,4,26,3.2958369,1.3862944,0
10.563644,2.3574183,4,11,2.4849067,1.3862944,1
5.6339436,1.7288096,4,6,1.9459101,1.3862944,1
8.5991774,2.1516666,4,3,1.3862944,1.3862944,0
14.853126,2.6982102,4,27,3.3322046,1.3862944,1
11.267887,2.4219568,4,23,3.1780539,1.3862944,1
16.308784,2.7917039,4,18,2.9444389,1.3862944,0
14.826168,2.6963937,4,15,2.7725887,1.3862944,1
11.267887,2.4219568,4,11,2.4849067,1.3862944,0
8.4509153,2.1342747,4,10,2.3978953,1.3862944,1
18.02862,2.8919604,4,27,3.3322046,1.3862944,0
13.682435,2.6161129,4,35,3.583519,1.3862944,1
11.267887,2.4219568,4,20,3.0445225,1.3862944,0
7.3241272,1.991174,4,3,1.3862944,1.3862944,0
11.972131,2.4825816,4,29,3.4011974,1.3862944,0
9.0894289,2.2071121,4,13,2.6390574,1.3862944,0
7.2062068,1.9749427,4,4,1.6094379,1.3862944,1
13.373308,2.5932608,4,18,2.9444389,1.3862944,1
7.8363032,2.0587671,4,1,.69314718,1.3862944,1
11.267887,2.4219568,4,17,2.8903718,1.3862944,0
10.0159,2.3041737,4,30,3.4339871,1.3862944,1
11.518285,2.4439359,4,18,2.9444389,1.3862944,1
10.172399,2.3196781,4,13,2.6390574,1.3862944,1
16.155333,2.7822502,4,7,2.0794415,1.3862944,1
17.384741,2.855593,4,32,3.4965076,1.3862944,1
19.274017,2.9587579,4,25,3.2580965,1.3862944,1
31.925682,3.4634109,4,31,3.4657359,1.3862944,1
11.408736,2.4343793,4,21,3.0910425,1.3862944,1
19.718803,2.9815726,4,36,3.6109178,1.3862944,0
13.001409,2.5650578,4,25,3.2580965,1.3862944,1
20.282198,3.0097435,4,18,2.9444389,1.3862944,1
6.7607322,1.9111311,4,20,3.0445225,1.3862944,0
17.867651,2.8829918,4,34,3.5553482,1.3862944,1
7.7466726,2.0472634,4,4,1.6094379,1.3862944,1
8.3535891,2.1226914,4,10,2.3978953,1.3862944,0
9.8594017,2.2884254,4,6,1.9459101,1.3862944,1
10.271832,2.3294053,4,10,2.3978953,1.3862944,1
12.817223,2.5507898,4,28,3.3672957,1.3862944,0
8.3747807,2.1252248,4,5,1.7917595,1.3862944,0
6.5302529,1.8764457,4,8,2.1972246,1.3862944,0
12.602242,2.5338748,4,24,3.2188759,1.3862944,0
6.2599373,1.8341702,4,2,1.0986123,1.3862944,1
7.5119252,2.0164919,4,1,.69314718,1.3862944,0
10.106043,2.3131335,4,3,1.3862944,1.3862944,1
14.826168,2.6963937,4,21,3.0910425,1.3862944,1
8.3662586,2.1242068,4,11,2.4849067,1.3862944,0
11.267887,2.4219568,4,12,2.5649493,1.3862944,0
8.5917645,2.150804,4,19,2.9957323,1.3862944,0
11.119626,2.4087117,4,18,2.9444389,1.3862944,0
8.6074142,2.1526239,4,8,2.1972246,1.3862944,0
25.916142,3.2548659,4,20,3.0445225,1.3862944,1
11.893881,2.4760242,4,12,2.5649493,1.3862944,1
11.94396,2.4802258,4,15,2.7725887,1.3862944,1
10.410548,2.3428195,4,20,3.0445225,1.3862944,1
9.3899059,2.2396352,4,16,2.8332133,1.3862944,1
7.8875213,2.0652819,4,2,1.0986123,1.3862944,1
9.7029037,2.2724252,4,17,2.8903718,1.3862944,0
8.7070036,2.1641278,4,5,1.7917595,1.3862944,0
7.0025353,1.9462723,4,3,1.3862944,1.3862944,0
9.6963139,2.2717457,4,8,2.1972246,1.3862944,0
20.0005,2.9957573,4,35,3.583519,1.3862944,1
8.5697918,2.1482434,4,4,1.6094379,1.3862944,1
13.343552,2.5910332,4,5,1.7917595,1.3862944,1
12.181499,2.4999185,4,23,3.1780539,1.3862944,1
10.252275,2.3274996,4,18,2.9444389,1.3862944,0
15.493345,2.7404106,4,27,3.3322046,1.3862944,0
7.5340652,2.0194347,4,15,2.7725887,1.3862944,0
6.885931,1.9294803,4,4,1.6094379,1.3862944,1
6.7607322,1.9111311,4,9,2.3025851,1.3862944,1
14.08486,2.6451004,4,29,3.4011974,1.3862944,0
14.08486,2.6451004,4,21,3.0910425,1.3862944,1
11.831282,2.470747,4,12,2.5649493,1.3862944,1
11.097162,2.4066894,4,14,2.7080503,1.3862944,0
8.4509153,2.1342747,4,3,1.3862944,1.3862944,0
11.860934,2.4732502,4,16,2.8332133,1.3862944,1
11.267887,2.4219568,4,10,2.3978953,1.3862944,0
17.746923,2.8762121,4,13,2.6390574,1.3862944,1
13.521464,2.6042783,4,32,3.4965076,1.3862944,1
15.02385,2.7096391,4,15,2.7725887,1.3862944,0
18.310316,2.9074645,4,31,3.4657359,1.3862944,1
6.6903081,1.9006599,4,6,1.9459101,1.3862944,0
12.151379,2.4974427,4,19,2.9957323,1.3862944,1
12.731103,2.5440481,4,8,2.1972246,1.3862944,0
9.8594017,2.2884254,4,8,2.1972246,1.3862944,1
15.493345,2.7404106,4,10,2.3978953,1.3862944,1
11.831282,2.470747,4,13,2.6390574,1.3862944,0
15.02385,2.7096391,4,11,2.4849067,1.3862944,1
14.465531,2.6717687,4,29,3.4011974,1.3862944,1
17.465225,2.8602118,4,15,2.7725887,1.3862944,1
7.8875213,2.0652819,4,6,1.9459101,1.3862944,0
7.1704736,1.9699717,4,13,2.6390574,1.3862944,0
15.493345,2.7404106,4,32,3.4965076,1.3862944,1
11.161587,2.4124782,4,32,3.4965076,1.3862944,1
9.3899059,2.2396352,4,14,2.7080503,1.3862944,0
13.195289,2.5798597,4,17,2.8903718,1.3862944,0
6.3936596,1.8553069,4,4,1.6094379,1.3862944,0
8.3100672,2.1174676,4,3,1.3862944,1.3862944,0
10.378317,2.3397188,4,8,2.1972246,1.3862944,0
9.121623,2.2106478,4,7,2.0794415,1.3862944,0
7.7466726,2.0472634,4,2,1.0986123,1.3862944,1
11.518285,2.4439359,4,22,3.1354942,1.3862944,1
12.572333,2.5314987,4,9,2.3025851,1.3862944,0
14.08486,2.6451004,4,36,3.6109178,1.3862944,0
7.9814205,2.0771165,4,3,1.3862944,1.3862944,1
11.972131,2.4825816,4,9,2.3025851,1.3862944,0
9.9677467,2.2993546,4,4,1.6094379,1.3862944,1
12.676373,2.5397398,4,28,3.3672957,1.3862944,1
8.7326126,2.1670647,4,5,1.7917595,1.3862944,0
15.583488,2.746212,4,41,3.7376697,1.3862944,1
14.755567,2.6916203,4,10,2.3978953,1.3862944,1
7.3241272,1.991174,4,3,1.3862944,1.3862944,1
9.2647076,2.2262123,4,18,2.9444389,1.3862944,1
11.267887,2.4219568,4,32,3.4965076,1.3862944,1
8.6925488,2.1624663,4,13,2.6390574,1.3862944,0
12.278617,2.5078592,4,32,3.4965076,1.3862944,0
12.723323,2.5434368,4,8,2.1972246,1.3862944,0
10.332793,2.3353226,4,7,2.0794415,1.3862944,1
9.0143099,2.1988132,4,3,1.3862944,1.3862944,0
11.972131,2.4825816,4,18,2.9444389,1.3862944,0
9.3899059,2.2396352,4,5,1.7917595,1.3862944,0
9.155158,2.2143176,4,6,1.9459101,1.3862944,1
12.206879,2.5019996,4,9,2.3025851,1.3862944,1
9.6370087,2.2656107,4,9,2.3025851,1.3862944,0
9.0143099,2.1988132,4,5,1.7917595,1.3862944,0
10.081795,2.3107314,4,8,2.1972246,1.3862944,1
11.549584,2.4466496,4,7,2.0794415,1.3862944,1
13.302367,2.5879421,4,29,3.4011974,1.3862944,0
7.9814205,2.0771165,4,13,2.6390574,1.3862944,0
17.653025,2.8709071,4,35,3.583519,1.3862944,0
12.886662,2.5561929,4,31,3.4657359,1.3862944,0
12.750504,2.5455709,4,17,2.8903718,1.3862944,1
12.676373,2.5397398,4,26,3.2958369,1.3862944,1
8.7639122,2.1706424,4,7,2.0794415,1.3862944,1
6.4213643,1.8596306,4,6,1.9459101,1.3862944,1
9.6683168,2.2688541,4,11,2.4849067,1.3862944,1
7.3241272,1.991174,4,2,1.0986123,1.3862944,0
6.1973381,1.8241198,4,10,2.3978953,1.3862944,1
8.4509153,2.1342747,4,9,2.3025851,1.3862944,1
12.45398,2.5220404,4,8,2.1972246,1.3862944,0
6.3100171,1.8421384,4,18,2.9444389,1.3862944,0
7.8578691,2.0615156,4,1,.69314718,1.3862944,0
11.119626,2.4087117,4,2,1.0986123,1.3862944,0
18.02862,2.8919604,4,27,3.3322046,1.3862944,1
4.5071549,1.5056661,4,4,1.6094379,1.3862944,0
6.6717758,1.897886,4,8,2.1972246,1.3862944,1
16.693167,2.8149993,4,11,2.4849067,1.3862944,0
8.4509153,2.1342747,4,14,2.7080503,1.3862944,0
7.4630599,2.0099654,4,4,1.6094379,1.3862944,1
8.8957005,2.1855681,4,2,1.0986123,1.3862944,1
12.181499,2.4999185,4,17,2.8903718,1.3862944,1
12.519875,2.5273173,4,24,3.2188759,1.3862944,1
10.202006,2.3225844,4,4,1.6094379,1.3862944,0
10.254667,2.327733,4,6,1.9459101,1.3862944,0
15.493345,2.7404106,4,18,2.9444389,1.3862944,1
7.7599602,2.0489771,4,20,3.0445225,1.3862944,0
13.302367,2.5879421,4,14,2.7080503,1.3862944,1
11.556808,2.4472747,4,8,2.1972246,1.3862944,0
8.0283699,2.0829816,4,7,2.0794415,1.3862944,0
7.1165605,1.9624245,4,7,2.0794415,1.3862944,0
10.704493,2.3706634,4,24,3.2188759,1.3862944,1
15.962841,2.7702637,4,18,2.9444389,1.3862944,0
15.845467,2.7628834,4,25,3.2580965,1.3862944,0
25.608835,3.2429373,4,35,3.583519,1.3862944,1
13.521464,2.6042783,4,14,2.7080503,1.3862944,0
10.95489,2.393786,4,26,3.2958369,1.3862944,0
17.70668,2.8739419,4,29,3.4011974,1.3862944,1
7.7239552,2.0443265,4,1,.69314718,1.3862944,0
10.378317,2.3397188,4,12,2.5649493,1.3862944,0
8.8533401,2.1807947,4,3,1.3862944,1.3862944,0
6.3381867,1.8465928,4,19,2.9957323,1.3862944,0
21.127289,3.0505655,4,32,3.4965076,1.3862944,1
13.54148,2.6057575,4,17,2.8903718,1.3862944,0
16.901831,2.8274219,4,9,2.3025851,1.3862944,0
12.45398,2.5220404,4,13,2.6390574,1.3862944,0
20.910233,3.0402386,4,26,3.2958369,1.3862944,0
9.155158,2.2143176,4,3,1.3862944,1.3862944,0
11.119626,2.4087117,4,12,2.5649493,1.3862944,1
12.05038,2.4890962,4,8,2.1972246,1.3862944,1
9.0143099,2.1988132,4,10,2.3978953,1.3862944,1
10.141099,2.3165963,4,14,2.7080503,1.3862944,1
11.679008,2.457793,4,17,2.8903718,1.3862944,1
8.0753193,2.0888124,4,7,2.0794415,1.3862944,0
10.041834,2.3067598,4,13,2.6390574,1.3862944,0
11.589828,2.4501278,4,10,2.3978953,1.3862944,0
8.4509153,2.1342747,4,15,2.7725887,1.3862944,0
7.8875213,2.0652819,4,7,2.0794415,1.3862944,0
7.9770603,2.07657,4,10,2.3978953,1.3862944,0
15.02385,2.7096391,4,19,2.9957323,1.3862944,1
11.501578,2.4424844,4,21,3.0910425,1.3862944,1
15.274247,2.7261682,4,19,2.9957323,1.3862944,1
14.08486,2.6451004,4,31,3.4657359,1.3862944,0
8.0834846,2.089823,4,10,2.3978953,1.3862944,0
8.8734617,2.1830649,4,12,2.5649493,1.3862944,0
17.921387,2.8859947,4,19,2.9957323,1.3862944,1
8.6387138,2.1562538,4,12,2.5649493,1.3862944,1
9.2647076,2.2262123,4,9,2.3025851,1.3862944,1
9.7852707,2.2808783,4,33,3.5263605,1.3862944,1
14.397857,2.6670794,4,22,3.1354942,1.3862944,0
8.4509153,2.1342747,4,15,2.7725887,1.3862944,0
10.112206,2.3137434,4,19,2.9957323,1.3862944,1
11.94396,2.4802258,4,24,3.2188759,1.3862944,0
13.302367,2.5879421,4,7,2.0794415,1.3862944,1
14.430623,2.6693525,4,12,2.5649493,1.3862944,0
16.700619,2.8154457,4,23,3.1780539,1.3862944,0
8.4509153,2.1342747,4,8,2.1972246,1.3862944,0
8.4509153,2.1342747,4,4,1.6094379,1.3862944,0
13.890232,2.6311858,4,41,3.7376697,1.3862944,0
10.658813,2.3663871,4,8,2.1972246,1.3862944,1
14.397857,2.6670794,4,18,2.9444389,1.3862944,1
10.081795,2.3107314,4,4,1.6094379,1.3862944,0
9.9264717,2.2952051,4,12,2.5649493,1.3862944,0
12.072737,2.4909496,4,32,3.4965076,1.3862944,0
8.9903355,2.1961501,4,10,2.3978953,1.3862944,0
7.3241272,1.991174,4,14,2.7080503,1.3862944,1
15.292133,2.7273386,4,28,3.3672957,1.3862944,1
10.823103,2.3816831,4,10,2.3978953,1.3862944,1
11.119626,2.4087117,4,3,1.3862944,1.3862944,0
12.112979,2.4942775,4,11,2.4849067,1.3862944,0
10.674841,2.3678896,4,3,1.3862944,1.3862944,1
10.156326,2.3180969,4,17,2.8903718,1.3862944,1
11.690434,2.4587708,4,8,2.1972246,1.3862944,0
10.845342,2.3837357,4,24,3.2188759,1.3862944,0
7.3241272,1.991174,4,6,1.9459101,1.3862944,1
11.549584,2.4466496,4,18,2.9444389,1.3862944,0
7.1832786,1.9717559,4,4,1.6094379,1.3862944,0
12.877586,2.5554883,4,22,3.1354942,1.3862944,0
14.487284,2.6732712,4,24,3.2188759,1.3862944,1
10.858147,2.3849156,4,5,1.7917595,1.3862944,1
12.556652,2.5302505,4,17,2.8903718,1.3862944,1
14.826168,2.6963937,4,18,2.9444389,1.3862944,0
10.172399,2.3196781,4,10,2.3978953,1.3862944,0
12.433613,2.5204036,4,34,3.5553482,1.3862944,1
12.519875,2.5273173,4,20,3.0445225,1.3862944,0
12.519875,2.5273173,4,29,3.4011974,1.3862944,0
14.965163,2.705725,4,29,3.4011974,1.3862944,0
11.416149,2.435029,4,6,1.9459101,1.3862944,0
9.8974686,2.292279,4,18,2.9444389,1.3862944,0
6.1461205,1.8158211,4,14,2.7080503,1.3862944,1
8.1543922,2.0985568,4,3,1.3862944,1.3862944,1
11.972131,2.4825816,4,15,2.7725887,1.3862944,0
15.775043,2.7584291,4,18,2.9444389,1.3862944,1
10.243534,2.3266468,4,5,1.7917595,1.3862944,1
10.230056,2.32533,4,12,2.5649493,1.3862944,1
14.826168,2.6963937,4,9,2.3025851,1.3862944,0
11.831282,2.470747,4,26,3.2958369,1.3862944,0
9.9677467,2.2993546,4,19,2.9957323,1.3862944,0
8.8463297,2.1800027,4,13,2.6390574,1.3862944,0
9.0143099,2.1988132,4,11,2.4849067,1.3862944,1
10.845342,2.3837357,4,9,2.3025851,1.3862944,1
8.6474485,2.1572642,4,8,2.1972246,1.3862944,0
13.380616,2.5938072,4,21,3.0910425,1.3862944,1
14.826168,2.6963937,4,15,2.7725887,1.3862944,1
15.775043,2.7584291,4,20,3.0445225,1.3862944,1
5.5534587,1.7144209,4,1,.69314718,1.3862944,0
16.901831,2.8274219,4,14,2.7080503,1.3862944,1
13.615364,2.6111989,4,27,3.3322046,1.3862944,0
6.2599373,1.8341702,4,4,1.6094379,1.3862944,1
12.895472,2.5568762,4,10,2.3978953,1.3862944,1
8.7191982,2.1655273,4,5,1.7917595,1.3862944,1
11.522354,2.444289,4,18,2.9444389,1.3862944,0
7.3696012,1.9973636,4,17,2.8903718,1.3862944,0
11.599296,2.4509444,4,13,2.6390574,1.3862944,0
12.676373,2.5397398,4,18,2.9444389,1.3862944,0
13.204556,2.5805619,4,25,3.2580965,1.3862944,0
8.1128788,2.0934527,4,13,2.6390574,1.3862944,0
17.335213,2.8527398,4,28,3.3672957,1.3862944,0
11.267887,2.4219568,4,2,1.0986123,1.3862944,0
6.4022088,1.8566431,4,16,2.8332133,1.3862944,0
9.1361246,2.2122364,4,14,2.7080503,1.3862944,1
10.883755,2.3872714,4,31,3.4657359,1.3862944,0
16.012262,2.7733548,4,26,3.2958369,1.3862944,1
13.487924,2.6017947,4,24,3.2188759,1.3862944,0
14.008724,2.6396804,4,6,1.9459101,1.3862944,1
12.157458,2.4979429,4,11,2.4849067,1.3862944,1
11.972131,2.4825816,4,26,3.2958369,1.3862944,0
9.0545521,2.2032676,4,10,2.3978953,1.3862944,0
13.20033,2.5802419,4,21,3.0910425,1.3862944,1
14.08486,2.6451004,4,21,3.0910425,1.3862944,1
12.852433,2.5535331,4,13,2.6390574,1.3862944,0
7.4649754,2.0102222,4,4,1.6094379,1.3862944,0
15.493345,2.7404106,4,18,2.9444389,1.3862944,1
15.791521,2.7594731,4,25,3.2580965,1.3862944,0
13.13155,2.5750177,4,4,1.6094379,1.3862944,0
13.145869,2.5761075,4,14,2.7080503,1.3862944,0
6.0095401,1.7933482,4,21,3.0910425,1.3862944,0
9.9020834,2.2927451,4,12,2.5649493,1.3862944,0
9.6764393,2.2696941,4,10,2.3978953,1.3862944,1
11.267887,2.4219568,4,7,2.0794415,1.3862944,0
11.831282,2.470747,4,16,2.8332133,1.3862944,0
11.119626,2.4087117,4,18,2.9444389,1.3862944,0
8.9838562,2.1954293,4,2,1.0986123,1.3862944,0
19.249308,2.9574752,4,10,2.3978953,1.3862944,1
8.3382368,2.1208518,4,3,1.3862944,1.3862944,0
12.324252,2.511569,4,14,2.7080503,1.3862944,0
17.825657,2.8806388,4,24,3.2188759,1.3862944,0
11.267887,2.4219568,4,18,2.9444389,1.3862944,0
9.8594017,2.2884254,4,15,2.7725887,1.3862944,0
12.433613,2.5204036,4,33,3.5263605,1.3862944,0
8.6521282,2.1578054,4,2,1.0986123,1.3862944,1
12.958071,2.5617187,4,24,3.2188759,1.3862944,1
9.155158,2.2143176,5,2,1.0986123,1.6094379,1
9.2396679,2.223506,5,3,1.3862944,1.6094379,0
11.860934,2.4732502,5,2,1.0986123,1.6094379,1
21.941534,3.0883813,5,37,3.6375861,1.6094379,1
18.310316,2.9074645,5,13,2.6390574,1.6094379,1
10.378317,2.3397188,5,2,1.0986123,1.6094379,0
6.4022088,1.8566431,5,19,2.9957323,1.6094379,0
9.765502,2.278856,5,2,1.0986123,1.6094379,0
5.8452168,1.7656237,5,1,.69314718,1.6094379,0
7.0987692,1.9599214,5,5,1.7917595,1.6094379,0
10.747831,2.3747039,5,5,1.7917595,1.6094379,0
30.282448,3.4105682,5,37,3.6375861,1.6094379,1
18.779812,2.9327824,5,20,3.0445225,1.6094379,1
9.6370087,2.2656107,5,8,2.1972246,1.6094379,0
21.127289,3.0505655,5,39,3.6888795,1.6094379,1
11.04253,2.4017541,5,14,2.7080503,1.6094379,1
7.0424299,1.9519533,5,7,2.0794415,1.6094379,0
13.001409,2.5650578,5,16,2.8332133,1.6094379,1
9.2396679,2.223506,5,3,1.3862944,1.6094379,1
17.527824,2.8637896,5,27,3.3322046,1.6094379,1
9.6581888,2.2678061,5,18,2.9444389,1.6094379,1
5.2818222,1.6642711,5,6,1.9459101,1.6094379,1
17.214828,2.8457711,5,12,2.5649493,1.6094379,1
8.0484915,2.0854847,5,7,2.0794415,1.6094379,0
37.559624,3.6259296,5,18,2.9444389,1.6094379,1
2.8169718,1.0356624,5,10,2.3978953,1.6094379,0
19.794937,2.9854262,5,32,3.4965076,1.6094379,1
11.119626,2.4087117,5,6,1.9459101,1.6094379,1
14.529644,2.6761911,5,12,2.5649493,1.6094379,1
15.775043,2.7584291,5,9,2.3025851,1.6094379,1
14.648254,2.6843212,5,13,2.6390574,1.6094379,1
15.775043,2.7584291,5,26,3.2958369,1.6094379,1
11.150514,2.4114857,5,4,1.6094379,1.6094379,0
22.804058,3.1269386,5,11,2.4849067,1.6094379,0
11.635319,2.4540453,5,19,2.9957323,1.6094379,1
12.206879,2.5019996,5,15,2.7725887,1.6094379,0
26.291739,3.2692547,5,26,3.2958369,1.6094379,1
13.145869,2.5761075,5,20,3.0445225,1.6094379,1
22.887897,3.1306083,5,10,2.3978953,1.6094379,1
18.779812,2.9327824,5,16,2.8332133,1.6094379,1
18.310316,2.9074645,5,22,3.1354942,1.6094379,1
14.397857,2.6670794,5,10,2.3978953,1.6094379,1
17.577904,2.8666427,5,15,2.7725887,1.6094379,0
9.6370087,2.2656107,5,11,2.4849067,1.6094379,1
11.804454,2.468477,5,27,3.3322046,1.6094379,0
13.888184,2.6310384,5,20,3.0445225,1.6094379,0
9.155158,2.2143176,5,6,1.9459101,1.6094379,0
10.422796,2.3439953,5,1,.69314718,1.6094379,1
9.8594017,2.2884254,5,6,1.9459101,1.6094379,0
8.1128788,2.0934527,5,7,2.0794415,1.6094379,1
20.563894,3.0235369,5,14,2.7080503,1.6094379,1
11.267887,2.4219568,5,18,2.9444389,1.6094379,1
15.493345,2.7404106,5,9,2.3025851,1.6094379,1
17.887772,2.8841174,5,23,3.1780539,1.6094379,1
5.6339436,1.7288096,5,9,2.3025851,1.6094379,1
24.664154,3.2053509,5,19,2.9957323,1.6094379,1
18.310316,2.9074645,5,8,2.1972246,1.6094379,1
5.3209472,1.6716514,5,11,2.4849067,1.6094379,1
13.901897,2.6320252,5,30,3.4339871,1.6094379,0
11.712672,2.4606714,5,5,1.7917595,1.6094379,0
14.340947,2.6631188,5,19,2.9957323,1.6094379,1
8.6733074,2.1602502,5,7,2.0794415,1.6094379,0
10.281947,2.3303897,5,6,1.9459101,1.6094379,0
7.1501322,1.9671309,5,26,3.2958369,1.6094379,1
18.732862,2.9302793,5,6,1.9459101,1.6094379,1
6.1973381,1.8241198,5,8,2.1972246,1.6094379,1
14.648254,2.6843212,5,19,2.9957323,1.6094379,1
13.296107,2.5874712,5,30,3.4339871,1.6094379,1
9.6581888,2.2678061,5,6,1.9459101,1.6094379,1
15.458355,2.7381496,5,30,3.4339871,1.6094379,0
21.408985,3.0638106,5,21,3.0910425,1.6094379,1
16.901831,2.8274219,5,11,2.4849067,1.6094379,1
21.053158,3.0470505,5,16,2.8332133,1.6094379,1
17.880211,2.8836946,5,16,2.8332133,1.6094379,1
14.529644,2.6761911,5,10,2.3978953,1.6094379,1
13.343715,2.5910454,5,5,1.7917595,1.6094379,0
17.606075,2.8682439,5,22,3.1354942,1.6094379,0
10.481755,2.3496361,5,9,2.3025851,1.6094379,1
16.275839,2.7896817,5,18,2.9444389,1.6094379,1
16.573185,2.807786,5,11,2.4849067,1.6094379,0
20.540421,3.0223947,5,20,3.0445225,1.6094379,1
8.4509153,2.1342747,5,18,2.9444389,1.6094379,0
11.402029,2.4337914,5,27,3.3322046,1.6094379,0
15.292133,2.7273386,5,9,2.3025851,1.6094379,0
7.5119252,2.0164919,5,2,1.0986123,1.6094379,1
26.291739,3.2692547,5,28,3.3672957,1.6094379,1
12.462096,2.5226917,5,32,3.4965076,1.6094379,0
24.451317,3.1966841,5,30,3.4339871,1.6094379,1
10.479136,2.3493862,5,9,2.3025851,1.6094379,1
33.803661,3.5205691,5,21,3.0910425,1.6094379,0
18.834133,2.9356709,5,15,2.7725887,1.6094379,1
8.7889519,2.1734955,5,1,.69314718,1.6094379,0
10.141099,2.3165963,5,4,1.6094379,1.6094379,1
13.302053,2.5879185,5,6,1.9459101,1.6094379,0
13.704187,2.6177015,5,28,3.3672957,1.6094379,1
9.8594017,2.2884254,5,15,2.7725887,1.6094379,1
12.568028,2.5311561,5,5,1.7917595,1.6094379,1
8.7326126,2.1670647,5,3,1.3862944,1.6094379,1
12.898766,2.5571315,5,9,2.3025851,1.6094379,1
20.121227,3.0017753,5,31,3.4657359,1.6094379,1
17.039244,2.8355191,5,7,2.0794415,1.6094379,1
32.011044,3.4660809,5,13,2.6390574,1.6094379,1
15.493345,2.7404106,5,11,2.4849067,1.6094379,0
10.232744,2.3255928,5,12,2.5649493,1.6094379,0
12.394676,2.517267,5,6,1.9459101,1.6094379,1
15.493345,2.7404106,5,18,2.9444389,1.6094379,1
29.171309,3.3731856,5,28,3.3672957,1.6094379,1
11.022933,2.3999779,5,5,1.7917595,1.6094379,0
12.497111,2.5254974,5,8,2.1972246,1.6094379,1
17.050093,2.8361557,5,18,2.9444389,1.6094379,1
18.272249,2.9053836,5,25,3.2580965,1.6094379,1
12.181499,2.4999185,5,8,2.1972246,1.6094379,1
14.08486,2.6451004,5,12,2.5649493,1.6094379,1
7.8875213,2.0652819,5,7,2.0794415,1.6094379,1
15.271117,2.7259634,5,5,1.7917595,1.6094379,1
16.005522,2.7729337,5,6,1.9459101,1.6094379,1
24.272957,3.1893628,5,31,3.4657359,1.6094379,1
12.34102,2.5129287,5,9,2.3025851,1.6094379,0
13.521464,2.6042783,5,3,1.3862944,1.6094379,0
18.310316,2.9074645,5,15,2.7725887,1.6094379,1
17.035973,2.8353271,5,15,2.7725887,1.6094379,1
9.0143099,2.1988132,5,0,0,1.6094379,1
11.436906,2.4368455,5,10,2.3978953,1.6094379,0
14.648254,2.6843212,5,14,2.7080503,1.6094379,1
8.2566423,2.1110179,5,5,1.7917595,1.6094379,0
18.253979,2.9043832,5,24,3.2188759,1.6094379,1
4.882751,1.5857087,5,3,1.3862944,1.6094379,0
14.08486,2.6451004,5,26,3.2958369,1.6094379,1
11.983624,2.483541,5,30,3.4339871,1.6094379,1
11.267887,2.4219568,5,4,1.6094379,1.6094379,1
12.279108,2.5078993,5,19,2.9957323,1.6094379,0
15.649843,2.7504609,5,29,3.4011974,1.6094379,1
12.519875,2.5273173,5,3,1.3862944,1.6094379,1
20.860819,3.0378728,5,33,3.5263605,1.6094379,1
10.141099,2.3165963,5,2,1.0986123,1.6094379,0
11.267887,2.4219568,5,15,2.7725887,1.6094379,1
19.718803,2.9815726,5,14,2.7080503,1.6094379,1
16.536028,2.8055415,5,33,3.5263605,1.6094379,0
6.885931,1.9294803,5,9,2.3025851,1.6094379,1
10.230056,2.32533,5,4,1.6094379,1.6094379,0
9.5575829,2.2573349,5,30,3.4339871,1.6094379,0
13.380616,2.5938072,5,32,3.4965076,1.6094379,1
7.7096076,2.0424674,5,3,1.3862944,1.6094379,0
10.081795,2.3107314,5,6,1.9459101,1.6094379,0
19.831482,2.9872706,5,28,3.3672957,1.6094379,1
21.127289,3.0505655,5,19,2.9957323,1.6094379,1
6.3381867,1.8465928,5,3,1.3862944,1.6094379,1
9.6370087,2.2656107,5,11,2.4849067,1.6094379,0
12.072737,2.4909496,5,13,2.6390574,1.6094379,1
12.394676,2.517267,5,12,2.5649493,1.6094379,1
14.08486,2.6451004,5,24,3.2188759,1.6094379,1
11.972131,2.4825816,5,12,2.5649493,1.6094379,1
12.324252,2.511569,5,26,3.2958369,1.6094379,0
16.901831,2.8274219,5,35,3.583519,1.6094379,1
21.534185,3.0696416,5,25,3.2580965,1.6094379,0
11.518285,2.4439359,5,1,.69314718,1.6094379,1
11.267887,2.4219568,5,32,3.4965076,1.6094379,1
7.7466726,2.0472634,5,5,1.7917595,1.6094379,1
18.02862,2.8919604,5,24,3.2188759,1.6094379,1
4.882751,1.5857087,5,36,3.6109178,1.6094379,1
13.145869,2.5761075,5,8,2.1972246,1.6094379,0
11.267887,2.4219568,5,7,2.0794415,1.6094379,1
28.795713,3.3602266,5,24,3.2188759,1.6094379,1
14.01263,2.6399591,5,6,1.9459101,1.6094379,1
8.4509153,2.1342747,5,5,1.7917595,1.6094379,0
23.721869,3.1663973,5,19,2.9957323,1.6094379,1
9.6370087,2.2656107,5,2,1.0986123,1.6094379,1
11.451319,2.4381049,5,6,1.9459101,1.6094379,1
20.696011,3.0299408,5,32,3.4965076,1.6094379,1
9.155158,2.2143176,5,22,3.1354942,1.6094379,1
6.1973381,1.8241198,5,1,.69314718,1.6094379,1
18.310316,2.9074645,5,29,3.4011974,1.6094379,0
14.752037,2.6913812,5,11,2.4849067,1.6094379,1
7.3777833,1.9984733,5,15,2.7725887,1.6094379,1
16.837727,2.823622,5,7,2.0794415,1.6094379,0
17.527824,2.8637896,5,17,2.8903718,1.6094379,1
17.70668,2.8739419,5,30,3.4339871,1.6094379,1
6.1973381,1.8241198,5,3,1.3862944,1.6094379,1
28.16972,3.3382475,5,30,3.4339871,1.6094379,1
9.765502,2.278856,5,2,1.0986123,1.6094379,0
19.563869,2.9736845,5,17,2.8903718,1.6094379,1
15.493345,2.7404106,5,37,3.6375861,1.6094379,0
10.378317,2.3397188,5,18,2.9444389,1.6094379,0
13.704187,2.6177015,5,17,2.8903718,1.6094379,0
15.634194,2.7494605,5,7,2.0794415,1.6094379,1
12.942844,2.5605431,5,8,2.1972246,1.6094379,1
15.226875,2.723062,5,6,1.9459101,1.6094379,0
10.141099,2.3165963,5,11,2.4849067,1.6094379,1
9.155158,2.2143176,5,3,1.3862944,1.6094379,0
12.602242,2.5338748,5,7,2.0794415,1.6094379,1
12.394676,2.517267,5,15,2.7725887,1.6094379,1
8.1543922,2.0985568,5,9,2.3025851,1.6094379,1
21.127289,3.0505655,5,34,3.5553482,1.6094379,1
19.893906,2.9904134,5,24,3.2188759,1.6094379,1
12.847967,2.5531857,5,3,1.3862944,1.6094379,0
7.7096076,2.0424674,5,2,1.0986123,1.6094379,1
7.3554263,1.9954383,5,18,2.9444389,1.6094379,1
15.067523,2.7125416,5,24,3.2188759,1.6094379,1
10.230056,2.32533,5,6,1.9459101,1.6094379,1
15.493345,2.7404106,5,23,3.1780539,1.6094379,0
9.9335327,2.2959161,5,4,1.6094379,1.6094379,0
21.690683,3.0768828,5,14,2.7080503,1.6094379,0
11.831282,2.470747,5,11,2.4849067,1.6094379,1
7.9814205,2.0771165,5,16,2.8332133,1.6094379,1
14.832061,2.6967912,5,27,3.3322046,1.6094379,1
9.3899059,2.2396352,5,16,2.8332133,1.6094379,0
9.0143099,2.1988132,5,5,1.7917595,1.6094379,0
8.4509153,2.1342747,5,21,3.0910425,1.6094379,0
8.4509153,2.1342747,5,23,3.1780539,1.6094379,1
11.564411,2.4479325,5,4,1.6094379,1.6094379,1
16.901831,2.8274219,5,16,2.8332133,1.6094379,1
15.649843,2.7504609,5,12,2.5649493,1.6094379,0
9.8594017,2.2884254,5,14,2.7080503,1.6094379,1
11.330487,2.4274971,5,0,0,1.6094379,1
16.645742,2.8121545,5,13,2.6390574,1.6094379,0
22.535774,3.115104,5,11,2.4849067,1.6094379,0
19.718803,2.9815726,5,25,3.2580965,1.6094379,0
13.296107,2.5874712,5,28,3.3672957,1.6094379,1
15.292133,2.7273386,5,17,2.8903718,1.6094379,0
11.267887,2.4219568,5,15,2.7725887,1.6094379,0
10.00025,2.3026102,5,5,1.7917595,1.6094379,1
13.615364,2.6111989,5,15,2.7725887,1.6094379,0
11.518285,2.4439359,5,2,1.0986123,1.6094379,1
16.767689,2.8194537,5,26,3.2958369,1.6094379,1
10.481483,2.3496101,5,8,2.1972246,1.6094379,1
12.394676,2.517267,5,19,2.9957323,1.6094379,1
18.543657,2.9201279,5,20,3.0445225,1.6094379,1
15.367001,2.7322223,5,15,2.7725887,1.6094379,1
8.4266901,2.1314042,5,11,2.4849067,1.6094379,1
9.683341,2.270407,5,23,3.1780539,1.6094379,1
9.031352,2.2007022,5,9,2.3025851,1.6094379,0
12.602242,2.5338748,5,21,3.0910425,1.6094379,1
7.1832786,1.9717559,5,2,1.0986123,1.6094379,0
12.519875,2.5273173,5,24,3.2188759,1.6094379,0
11.680127,2.4578888,5,11,2.4849067,1.6094379,0
7.8875213,2.0652819,5,3,1.3862944,1.6094379,0
7.8875213,2.0652819,5,3,1.3862944,1.6094379,0
7.8875213,2.0652819,5,2,1.0986123,1.6094379,1
26.05699,3.2602861,5,17,2.8903718,1.6094379,1
10.15328,2.3177969,5,21,3.0910425,1.6094379,1
19.437105,2.9671838,5,32,3.4965076,1.6094379,1
14.648254,2.6843212,5,10,2.3978953,1.6094379,1
6.3381867,1.8465928,5,3,1.3862944,1.6094379,0
14.08486,2.6451004,5,11,2.4849067,1.6094379,1
16.160522,2.7825713,5,13,2.6390574,1.6094379,1
16.275839,2.7896817,5,23,3.1780539,1.6094379,0
10.823103,2.3816831,5,4,1.6094379,1.6094379,0
18.366657,2.910537,5,31,3.4657359,1.6094379,1
15.211648,2.7220614,5,29,3.4011974,1.6094379,1
14.826168,2.6963937,5,20,3.0445225,1.6094379,1
8.6387138,2.1562538,5,1,.69314718,1.6094379,1
10.243534,2.3266468,5,5,1.7917595,1.6094379,1
10.266297,2.3288665,5,2,1.0986123,1.6094379,1
16.298195,2.7910542,5,14,2.7080503,1.6094379,0
20.513332,3.021075,5,26,3.2958369,1.6094379,1
7.8875213,2.0652819,5,1,.69314718,1.6094379,1
33.803661,3.5205691,5,16,2.8332133,1.6094379,1
11.911766,2.4775267,5,17,2.8903718,1.6094379,0
12.112979,2.4942775,5,9,2.3025851,1.6094379,0
11.865649,2.4736476,5,12,2.5649493,1.6094379,1
23.474766,3.155926,5,9,2.3025851,1.6094379,0
13.785181,2.6235943,5,24,3.2188759,1.6094379,1
8.8957005,2.1855681,5,1,.69314718,1.6094379,0
38.263866,3.644506,5,38,3.6635616,1.6094379,1
13.327456,2.5898263,5,6,1.9459101,1.6094379,1
15.493345,2.7404106,5,15,2.7725887,1.6094379,0
19.706541,2.9809506,5,18,2.9444389,1.6094379,0
25.352747,3.232887,5,27,3.3322046,1.6094379,1
22.535774,3.115104,5,9,2.3025851,1.6094379,0
17.70668,2.8739419,5,21,3.0910425,1.6094379,0
14.760932,2.6919839,5,32,3.4965076,1.6094379,1
15.02385,2.7096391,5,26,3.2958369,1.6094379,0
5.6339436,1.7288096,5,4,1.6094379,1.6094379,0
13.380616,2.5938072,5,20,3.0445225,1.6094379,0
16.308784,2.7917039,5,19,2.9957323,1.6094379,1
18.227465,2.9029295,5,30,3.4339871,1.6094379,0
14.08486,2.6451004,5,10,2.3978953,1.6094379,1
11.119626,2.4087117,5,11,2.4849067,1.6094379,0
8.8957005,2.1855681,5,5,1.7917595,1.6094379,0
9.155158,2.2143176,5,21,3.0910425,1.6094379,0
10.060614,2.3086281,5,5,1.7917595,1.6094379,0
9.2021084,2.2194326,5,12,2.5649493,1.6094379,1
13.148757,2.5763273,5,24,3.2188759,1.6094379,0
12.262113,2.5065143,5,16,2.8332133,1.6094379,0
14.197538,2.6530685,5,12,2.5649493,1.6094379,0
6.0095401,1.7933482,5,1,.69314718,1.6094379,1
6.1034393,1.8088524,5,25,3.2580965,1.6094379,1
16.479284,2.802104,5,24,3.2188759,1.6094379,1
11.860934,2.4732502,5,5,1.7917595,1.6094379,1
10.563644,2.3574183,5,9,2.3025851,1.6094379,0
8.6074142,2.1526239,5,1,.69314718,1.6094379,0
22.535774,3.115104,5,23,3.1780539,1.6094379,1
15.549685,2.7440403,5,32,3.4965076,1.6094379,0
14.677907,2.6863434,5,22,3.1354942,1.6094379,0
12.205235,2.5018649,5,22,3.1354942,1.6094379,0
20.0005,2.9957573,5,13,2.6390574,1.6094379,1
7.8578691,2.0615156,5,6,1.9459101,1.6094379,0
7.4649754,2.0102222,5,21,3.0910425,1.6094379,1
16.119339,2.7800198,5,26,3.2958369,1.6094379,1
10.463038,2.3478489,5,3,1.3862944,1.6094379,0
12.144279,2.4968581,5,5,1.7917595,1.6094379,1
11.390365,2.4327679,5,7,2.0794415,1.6094379,1
19.014561,2.945205,5,6,1.9459101,1.6094379,1
8.5164261,2.1419969,5,2,1.0986123,1.6094379,1
6.5525217,1.8798499,5,2,1.0986123,1.6094379,0
47.575523,3.8623185,5,28,3.3672957,1.6094379,1
8.6924706,2.1624572,5,3,1.3862944,1.6094379,0
10.641894,2.3647985,5,10,2.3978953,1.6094379,0
14.397857,2.6670794,5,14,2.7080503,1.6094379,0
26.210043,3.2661426,5,28,3.3672957,1.6094379,0
13.771862,2.6226275,5,33,3.5263605,1.6094379,0
16.749561,2.818372,5,23,3.1780539,1.6094379,0
15.303356,2.7280722,5,13,2.6390574,1.6094379,0
10.450652,2.3466644,5,22,3.1354942,1.6094379,1
10.219711,2.3243184,5,4,1.6094379,1.6094379,0
8.2342262,2.1082995,5,2,1.0986123,1.6094379,0
9.3899059,2.2396352,5,25,3.2580965,1.6094379,1
9.155158,2.2143176,5,2,1.0986123,1.6094379,0
17.552864,2.8652172,5,22,3.1354942,1.6094379,1
12.324252,2.511569,5,18,2.9444389,1.6094379,1
9.8191586,2.2843354,5,5,1.7917595,1.6094379,0
11.267887,2.4219568,5,24,3.2188759,1.6094379,0
16.901831,2.8274219,5,9,2.3025851,1.6094379,0
24.03816,3.1796427,5,26,3.2958369,1.6094379,0
8.4509153,2.1342747,5,3,1.3862944,1.6094379,0
29.108709,3.3710375,5,30,3.4339871,1.6094379,1
9.6370087,2.2656107,5,5,1.7917595,1.6094379,0
11.119626,2.4087117,5,1,.69314718,1.6094379,1
5.4533758,1.6962348,5,14,2.7080503,1.6094379,0
11.085488,2.4056368,5,19,2.9957323,1.6094379,0
15.649843,2.7504609,5,15,2.7725887,1.6094379,0
15.02385,2.7096391,5,24,3.2188759,1.6094379,1
