exper,male,school,wage
9,0,13,6.3152957
12,0,12,5.4797702
11,0,11,3.64217
9,0,14,4.5933366
8,0,14,2.4181576
9,0,14,2.094058
8,0,12,5.5120039
10,0,12,3.5484271
12,0,10,5.8182263
7,0,12,3.8277805
10,0,14,6.7368937
10,0,13,12.861342
10,0,13,7.655561
9,0,10,2.4497795
10,0,13,6.1056623
3,0,15,8.2680063
9,0,14,1.8624055
13,0,11,3.9808917
10,0,12,4.7634602
11,0,12,6.3805957
8,0,14,5.631124
7,0,11,2.4880574
7,0,14,1.2237383
5,0,12,1.3456535
5,0,14,.75111163
10,0,14,11.330231
11,0,12,3.8947577
6,0,13,2.9985154
11,0,12,3.2678962
9,0,12,1.3551972
10,0,14,4.2871141
11,0,12,7.624939
11,0,13,4.4437861
5,0,12,1.1342815
5,0,15,9.0641842
12,0,12,3.9808917
11,0,12,3.4507053
4,0,14,8.0967293
10,0,13,8.7352142
9,0,15,7.2758451
12,0,12,5.5120039
8,0,15,9.7863588
7,0,14,7.0431161
8,0,11,.78527176
9,0,12,4.0087299
10,0,12,3.6121514
15,0,7,3.1847134
6,0,15,5.8182263
10,0,12,2.2747953
7,0,16,5.4478927
9,0,12,2.4035573
8,0,14,9.0335617
10,0,13,4.9740958
7,0,14,9.3276119
10,0,12,5.8734469
9,0,12,3.2832096
8,0,14,2.1435571
5,0,13,2.5605736
5,0,14,9.1866732
3,0,12,2.835191
10,0,12,5.8976173
7,0,12,2.5332947
8,0,14,8.2680063
8,0,15,14.102052
9,0,11,.72932369
7,0,11,4.5933366
7,0,12,3.3777263
10,0,13,3.1847134
13,0,9,5.007411
5,0,12,2.3189662
9,0,12,3.3879929
10,0,11,2.4497795
9,0,13,5.8182263
10,0,13,5.3588929
7,0,11,7.1432824
6,0,12,5.5996361
8,0,12,3.8277805
6,0,12,8.0713224
9,0,12,3.9439175
11,0,12,6.3455415
7,0,13,5.4836125
9,0,13,6.9801936
9,0,13,10.047012
11,0,12,5.5120039
8,0,15,6.2556868
11,0,12,3.2344744
8,0,10,1.9183215
4,0,14,11.091042
8,0,14,5.1844172
9,0,14,5.1366343
9,0,13,4.2418194
7,0,12,3.9028351
11,0,12,6.7803574
9,0,12,1.0261854
10,0,12,4.5930643
11,0,8,.43868145
9,0,13,7.3493385
8,0,12,4.5933366
7,0,13,4.7245746
6,0,13,4.8172135
4,0,12,8.5304823
7,0,14,6.1951871
10,0,13,4.70469
10,0,12,5.0833416
6,0,12,5.7903881
7,0,16,5.1037073
7,0,14,6.9908342
9,0,12,4.3162055
8,0,13,7.7100272
5,0,12,5.7109838
8,0,12,1.9819298
6,0,12,5.8175869
9,0,13,3.6746693
7,0,13,2.7560019
5,0,14,4.9481497
9,0,12,3.9808917
8,0,13,4.157145
10,0,12,4.744452
8,0,12,6.6136222
6,0,13,2.737576
8,0,13,5.2495275
8,0,12,3.9851789
10,0,12,7.9617834
7,0,13,6.1182561
8,0,12,3.1429923
7,0,13,6.1244488
7,0,12,4.8621578
8,0,10,1.8094963
7,0,12,2.3810942
10,0,12,3.6746693
9,0,13,6.9840207
9,0,13,12.248898
10,0,12,7.3493385
6,0,12,1.9780829
10,0,12,3.2153356
6,0,12,4.7278218
7,0,13,8.7296715
10,0,12,6.6546249
8,0,13,4.6267023
4,0,11,3.0622244
7,0,13,5.9061956
9,0,12,4.4795966
8,0,12,3.3684468
10,0,12,2.807039
5,0,14,7.7241182
7,0,13,3.6945632
7,0,14,6.4988284
8,0,13,2.3891985
6,0,12,4.5933366
8,0,12,4.5933366
7,0,11,4.0829659
4,0,12,2.4560771
8,0,13,7.655561
5,0,14,3.1649325
6,0,13,4.9425378
7,0,12,3.6746693
6,0,10,2.0220401
10,0,12,9.799118
6,0,13,7.5826507
8,0,13,2.9903412
9,0,12,4.2871141
6,0,11,4.5933366
4,0,12,1.2132242
6,0,12,6.1244488
7,0,14,7.1463084
8,0,11,3.3616419
3,0,12,2.1435571
6,0,12,1.9598236
1,0,13,4.3221111
8,0,12,.10289074
5,0,9,2.5477707
8,0,12,7.9617834
8,0,12,6.5739498
7,0,11,4.2871141
4,0,11,3.2938447
6,0,12,6.9107704
9,0,12,4.4479237
5,0,11,.77992982
7,0,12,4.7230921
8,0,12,3.9317448
8,0,10,1.3504086
6,0,13,3.5385704
6,0,12,2.8705478
6,0,11,2.4811139
4,0,12,4.1340032
9,0,12,1.5329547
8,0,12,2.4497795
6,0,11,4.4613442
3,0,13,4.0429139
7,0,11,3.3684468
7,0,14,5.1087251
8,0,11,7.259985
6,0,12,8.2680063
9,0,12,3.2153356
6,0,12,4.914681
6,0,12,5.6395965
9,0,12,4.3036666
9,0,12,4.5933366
7,0,12,2.7186577
7,0,12,4.4053674
10,0,11,2.3828757
7,0,12,7.9617834
4,0,11,4.7890425
8,0,12,9.6096964
6,0,12,.93120277
8,0,11,2.8201187
8,0,13,3.5107076
9,0,12,3.9808917
4,0,12,5.5120039
7,0,12,2.9488087
5,0,12,4.5933366
7,0,10,4.4785032
7,0,12,3.0421143
3,0,12,3.5783296
8,0,12,5.2037802
2,0,12,2.6154652
8,0,12,2.7997479
3,0,12,6.5486531
6,0,11,4.4855118
9,0,11,2.6211634
9,0,12,7.8340545
8,0,13,6.2784348
8,0,12,4.5933366
4,0,13,6.4306712
8,0,12,5.2477255
7,0,12,12.535892
5,0,12,2.2798843
5,0,14,7.655561
3,0,12,4.899559
9,0,11,9.8369522
6,0,12,7.3493385
7,0,11,4.4605327
8,0,8,1.7646227
9,0,11,6.5870872
9,0,10,3.7913253
7,0,11,5.8182263
5,0,11,9.5601149
4,0,10,3.1376486
8,0,11,4.7938485
5,0,10,.51889426
6,0,10,2.9433579
6,0,11,3.3924122
4,0,11,6.137208
4,0,12,4.3854117
9,0,11,3.6746693
6,0,12,2.8172464
4,0,11,3.9196472
7,0,11,2.9236712
8,0,10,6.0884228
3,0,10,1.7095431
8,0,11,9.1866732
2,0,11,2.5297811
5,0,12,4.813169
4,0,11,4.0185657
9,0,10,3.1867051
5,0,11,1.5696087
7,0,11,3.0622244
4,0,11,4.899559
5,0,11,5.1574306
7,0,10,1.7085372
5,0,11,5.7562599
5,0,11,5.7413645
7,0,11,9.9079971
3,0,10,2.3700192
8,0,11,4.77707
8,0,11,3.3684468
7,0,12,7.9617834
4,0,11,3.0009799
6,0,11,4.8344793
8,0,10,5.0526705
4,0,12,6.4306712
6,0,11,.7655561
5,0,11,5.2002697
5,0,10,3.480561
4,0,11,.92954832
8,0,10,1.8761644
4,0,12,4.2871141
7,0,13,3.7555583
6,0,11,3.6746693
7,0,11,15.923567
5,0,12,5.4082565
5,0,12,5.1366343
2,0,11,1.7122115
4,0,10,4.4607615
9,0,10,2.9013278
9,0,10,6.0445247
9,0,10,8.2680063
7,0,11,6.2856183
8,0,12,5.6651154
7,0,10,5.6651154
3,0,12,3.1847134
4,0,11,5.8614359
8,0,11,6.5118742
7,0,11,1.7777507
9,0,10,6.8243856
8,0,11,4.2462845
5,0,11,5.3895149
5,0,8,2.9785089
6,0,10,1.6331863
5,0,10,2.7560019
7,0,11,3.9709094
8,0,10,6.2605476
6,0,10,3.2570932
4,0,10,3.155134
7,0,10,6.1244488
7,0,10,3.6938918
8,0,10,3.1154804
9,0,10,.91866732
6,0,12,12.248898
8,0,10,1.728474
5,0,11,5.5872164
5,0,10,4.4437861
3,0,9,3.2729404
7,0,9,3.6746693
9,0,14,5.144537
8,0,15,5.2086434
11,0,12,6.4512472
12,0,12,4.5933366
11,0,12,3.8964682
6,0,14,5.0179305
10,0,14,5.7569818
11,0,11,.42462844
9,0,15,5.090642
9,0,14,5.867435
11,0,12,4.6083708
12,0,11,4.2871141
9,0,10,4.4729118
11,0,12,7.1237011
7,0,15,8.5495663
8,0,15,10.411563
6,0,14,3.0330603
3,0,14,5.9713378
13,0,11,5.4439545
7,0,14,2.2568834
9,0,13,5.6617126
10,0,10,2.5477707
11,0,12,5.9021716
12,0,12,2.8784909
11,0,12,3.7103457
9,0,13,7.6471357
10,0,13,4.4897275
9,0,12,4.2194338
9,0,14,6.1244488
4,0,14,3.9808917
13,0,11,5.1196337
8,0,12,3.3868201
8,0,13,1.6543965
10,0,13,8.9327326
7,0,12,5.1366343
10,0,13,3.9808917
14,0,9,5.7526183
9,0,14,8.1731586
9,0,12,7.5932665
9,0,14,10.419404
11,0,12,4.4912624
8,0,12,4.0143447
10,0,12,3.0896473
8,0,14,3.7733572
8,0,14,5.9713378
10,0,12,3.821656
9,0,13,5.8182263
10,0,12,4.005929
11,0,12,5.5120039
11,0,12,6.7368937
4,0,16,9.4361877
7,0,13,7.0431161
8,0,13,7.3065743
11,0,12,6.6494017
13,0,10,9.1993093
11,0,12,7.655561
11,0,12,7.6072102
7,0,14,7.2741747
8,0,14,3.3684468
11,0,12,2.8708353
10,0,12,5.6962352
10,0,12,6.2704201
15,0,6,4.3036666
8,0,14,11.45272
7,0,14,1.2489072
7,0,13,5.0726042
7,0,12,7.0147872
9,0,12,6.4306712
9,0,12,6.7368937
9,0,12,3.6746693
9,0,10,.4496066
8,0,13,7.483285
10,0,9,3.2148526
7,0,13,3.2920012
9,0,12,5.0593271
7,0,12,3.0622244
11,0,9,3.0330603
7,0,12,3.642875
9,0,12,3.4616449
9,0,12,4.5933366
9,0,13,6.8593826
10,0,12,5.1924677
7,0,13,9.0723658
4,0,15,7.9617834
6,0,9,2.4497795
8,0,14,14.698677
6,0,13,.42871141
7,0,11,7.9617834
7,0,13,7.3493385
5,0,13,5.0551004
7,0,13,5.1848807
12,0,9,3.6316907
9,0,12,4.9852786
9,0,11,.07655561
5,0,12,.47473988
8,0,13,7.0929027
7,0,12,2.7322228
9,0,12,4.0227957
8,0,13,4.9358764
9,0,10,3.6746693
8,0,14,3.3093662
8,0,12,5.3737097
8,0,12,4.757472
6,0,10,2.6628039
8,0,10,5.2942805
9,0,12,3.2663727
6,0,10,4.8407645
5,0,11,1.1857976
6,0,12,4.1571269
6,0,12,6.7368937
9,0,11,2.8466711
5,0,10,2.7560019
8,0,12,3.9808917
7,0,11,6.0306273
9,0,12,5.3744946
12,0,8,2.1435571
12,0,9,4.5933366
7,0,12,3.3684468
8,0,12,5.7511754
10,0,8,6.1480951
1,0,12,2.7746778
8,0,11,4.7651572
4,0,11,2.4497795
9,0,12,7.0122128
4,0,12,8.1659317
6,0,9,3.5433037
8,0,12,2.3707545
8,0,11,7.7307029
8,0,12,3.3684468
8,0,12,6.1244488
8,0,12,4.5933366
9,0,9,3.7467215
6,0,12,5.9713378
7,0,11,1.8872375
4,0,11,1.8387491
10,0,9,2.6028907
9,0,10,3.0622244
9,0,11,5.8021092
8,0,11,7.3493385
5,0,8,1.4812621
8,0,9,4.8285041
8,0,11,6.4994149
5,0,11,3.6746693
9,0,11,5.7291141
8,0,10,6.8243856
6,0,11,3.2459579
7,0,11,4.7691216
9,0,11,3.4634552
9,0,9,5.5120039
9,0,11,5.8903451
5,0,10,3.2563531
5,0,10,3.8602586
9,0,10,4.845942
5,0,12,8.0978823
8,0,11,4.1030049
3,0,10,3.3684468
8,0,11,4.2871141
4,0,12,5.2764482
7,0,11,4.77707
7,0,9,4.8745613
8,0,11,3.7359138
7,0,10,5.8182263
8,0,10,4.0194111
8,0,11,5.6816483
8,0,11,7.655561
7,0,11,7.3493385
8,0,12,4.6834021
6,0,7,5.7903881
6,0,9,2.0489724
7,0,11,2.3221869
4,0,11,9.9263792
5,0,11,4.9761147
6,0,10,3.7969756
6,0,11,4.8144293
4,0,11,2.2707007
3,0,10,5.5732484
10,0,10,7.3720217
9,0,11,6.4729948
8,0,9,1.5824662
5,0,9,3.2449772
10,0,5,.60316539
6,0,8,1.9798396
5,0,10,7.3493385
4,0,10,4.9628448
8,0,10,3.221889
4,0,11,5.1075592
5,0,10,4.6855555
9,0,6,2.2116065
5,0,9,2.2747953
3,0,11,2.6444833
9,0,10,7.4138064
8,0,10,7.2633815
7,0,10,7.5886736
9,0,10,7.4694772
9,0,7,2.6589637
6,0,9,5.7259402
9,0,8,2.7560019
6,0,9,4.3366308
9,0,15,8.9825249
9,0,15,7.7025628
7,0,13,3.6396725
8,0,12,2.6710498
6,0,14,5.614078
11,0,12,5.111331
8,0,12,5.3973274
9,0,12,2.3653045
9,0,15,7.0194926
10,0,12,4.5267663
10,0,13,9.6241341
12,0,12,7.0914669
12,0,12,4.5495906
11,0,13,5.5201697
8,0,14,2.5225453
7,0,15,10.557061
7,0,15,7.699307
11,0,12,6.0268478
6,0,16,5.0417628
9,0,15,5.010365
12,0,9,3.9808917
8,0,12,3.7784736
10,0,12,4.4912624
8,0,10,.22966683
11,0,12,6.170382
11,0,13,12.248898
12,0,12,3.9808917
14,0,7,.44479236
8,0,13,4.4317493
10,0,12,3.0622244
11,0,12,2.5077994
10,0,12,3.1070375
10,0,13,6.6348195
9,0,12,6.0251336
10,0,12,5.6969624
11,0,12,12.312037
7,0,15,3.8901222
10,0,12,2.7560019
12,0,12,5.1751595
12,0,10,2.7052941
8,0,16,4.1845131
11,0,13,3.9352152
11,0,12,4.3826332
10,0,13,10.899088
10,0,12,7.3961921
9,0,15,6.4306712
7,0,10,14.091652
8,0,15,6.8243856
8,0,14,3.605336
12,0,12,5.6927972
9,0,12,2.4115016
13,0,11,5.3588929
11,0,12,.42581126
11,0,12,3.0622244
11,0,12,2.4566932
10,0,12,6.7368937
8,0,15,12.669745
3,0,15,2.4126616
8,0,12,2.5735056
10,0,14,9.8344212
6,0,14,.61441416
11,0,12,6.616024
10,0,14,15.127389
10,0,12,9.3927031
12,0,12,4.9608035
12,0,12,4.8932858
10,0,12,2.2116065
12,0,12,3.3684468
11,0,12,5.5271883
12,0,12,7.5456271
8,0,12,5.1328712
7,0,16,9.3668041
6,0,16,5.9323092
12,0,12,3.7945521
10,0,13,3.8996491
10,0,12,8.5742283
11,0,13,6.2775602
10,0,14,3.6746693
11,0,12,1.1961365
5,0,12,3.0622244
8,0,14,5.7124906
12,0,12,6.7924085
11,0,13,3.116158
10,0,12,7.5636945
10,0,12,3.8496535
12,0,12,5.3725247
11,0,13,3.0547252
11,0,13,9.5903301
8,0,15,12.395986
9,0,13,5.9250484
12,0,12,4.9485002
11,0,12,3.9196472
10,0,13,3.0622244
3,0,15,3.2685215
8,0,12,11.154189
11,0,12,2.9856689
10,0,12,6.103013
7,0,12,4.1449633
10,0,10,6.3694267
6,0,13,2.9890654
9,0,15,6.2729201
6,0,16,5.3674946
10,0,12,4.3711753
10,0,12,4.4096031
12,0,11,4.069356
10,0,11,3.9602654
7,0,16,6.7368937
7,0,14,.96214908
8,0,12,6.5327454
10,0,14,5.5028172
9,0,10,2.7513723
16,0,8,2.8640234
8,0,15,6.5550456
9,0,15,4.77707
9,0,15,4.9631896
9,0,15,6.1244488
8,0,15,6.7082262
8,0,15,6.0938268
5,0,14,8.9171972
7,0,15,5.2588758
8,0,15,3.0219908
12,0,10,3.821656
13,0,10,5.5120039
8,0,15,5.5120039
10,0,12,3.1070375
7,0,12,8.0830288
9,0,9,21.231422
9,0,14,5.8182263
7,0,14,4.9307146
9,0,15,4.4136348
8,0,15,7.4173207
10,0,12,3.6746693
8,0,15,5.8182263
11,0,12,3.2235513
13,0,9,1.6211777
6,0,12,1.0158576
12,0,9,6.3796344
12,0,12,3.5850432
11,0,11,2.7560019
10,0,14,.77298868
9,0,12,2.1373916
11,0,11,3.5521803
11,0,12,4.3051586
10,0,10,3.5746782
6,0,16,10.128064
8,0,15,4.4446001
12,0,12,4.746448
10,0,14,5.9158764
10,0,14,5.3106217
9,0,15,8.6984491
9,0,15,15.311122
11,0,12,2.8100412
8,0,15,8.0223293
7,0,15,7.8723254
7,0,15,12.948834
9,0,15,3.5276825
9,0,14,7.1700864
9,0,15,8.3598728
9,0,15,7.1113429
8,0,15,11.18476
9,0,15,8.5742283
7,0,14,2.9973774
8,0,14,9.3178654
11,0,10,6.2445359
7,0,13,2.1231422
3,0,14,2.3945212
9,0,15,7.1432824
8,0,15,5.9028225
7,0,15,7.736146
11,0,13,3.6512637
6,0,12,2.6650321
9,0,12,32.497398
12,0,12,8.4211168
7,0,13,6.0884228
10,0,14,1.559605
12,0,12,6.0325823
12,0,12,5.8794708
7,0,16,8.7273397
7,0,12,2.7560019
9,0,14,11.777786
11,0,12,7.6629605
9,0,15,6.8770161
9,0,14,7.0431161
8,0,12,5.8542523
11,0,12,.91121984
11,0,12,1.6331863
8,0,15,9.0165501
8,0,12,2.7014275
9,0,12,7.9268122
10,0,12,5.8182263
9,0,14,8.2719831
13,0,9,6.7691278
9,0,12,8.2935247
13,0,9,7.2052341
10,0,12,6.4245872
11,0,12,7.2831283
8,0,14,5.0685096
9,0,12,8.369812
10,0,12,7.2325058
10,0,12,5.1753278
5,0,12,4.1082473
9,0,13,4.2871141
7,0,14,8.7160578
6,0,14,6.7368937
8,0,12,4.1739364
13,0,10,3.4450026
10,0,13,9.1866732
10,0,12,7.5191255
10,0,12,3.0115492
11,0,12,4.1449633
9,0,13,16.003584
10,0,8,3.0944583
9,0,14,11.024008
7,0,11,1.8115548
8,0,14,7.655561
11,0,12,6.4306712
9,0,12,4.0727587
7,0,12,1.9035069
11,0,12,6.0504055
8,0,12,2.6265678
10,0,12,3.7913253
11,0,12,5.0924077
7,0,13,7.3065743
3,0,15,4.4855118
8,0,14,12.283895
4,0,12,2.9856689
9,0,14,15.311122
7,0,12,1.2156506
8,0,12,4.3967509
9,0,13,3.5521803
9,0,13,6.1863971
7,0,12,2.562413
9,0,10,2.5971549
9,0,10,4.6443739
6,0,12,2.5787153
8,0,13,4.2062254
11,0,11,4.5933366
6,0,12,1.5923567
10,0,12,2.7408197
7,0,13,4.4402256
9,0,12,1.6939964
8,0,14,6.3694267
5,0,12,1.9200975
9,0,14,7.2624378
5,0,12,3.6746693
10,0,12,3.6746693
9,0,13,3.821656
9,0,14,7.655561
8,0,14,9.6708574
11,0,12,6.7209859
8,0,14,7.1009598
9,0,14,10.795639
9,0,14,9.2741652
8,0,12,4.0783343
10,0,12,5.8182263
7,0,14,7.1349831
10,0,12,3.8996491
8,0,14,8.846426
11,0,12,4.2871141
9,0,14,20.99811
9,0,14,6.6302905
3,0,15,3.9808917
6,0,12,2.6951029
8,0,14,7.655561
10,0,12,6.848846
11,0,12,5.5732484
9,0,12,.66870624
11,0,12,5.2531357
8,0,14,8.0820522
9,0,12,3.3458078
10,0,12,10.148103
10,0,12,7.3493385
12,0,7,3.0622244
11,0,12,2.9292202
8,0,12,4.1588421
11,0,12,7.1299553
7,0,14,5.3895149
7,0,12,1.0919018
9,0,14,4.5933366
10,0,12,5.0526705
14,0,7,3.1450896
10,0,9,4.6391492
7,0,14,6.1244488
8,0,13,30.862171
7,0,14,9.1866732
7,0,15,10.313191
8,0,13,6.7368937
7,0,13,7.6963906
6,0,14,16.971827
8,0,13,6.8243856
8,0,12,4.50667
7,0,15,4.1878495
11,0,12,3.1756401
11,0,12,5.2057815
11,0,12,2.1963542
9,0,13,4.3823576
8,0,14,4.5933366
11,0,12,4.5933366
12,0,10,6.4306712
6,0,12,3.9156313
12,0,9,3.0622244
6,0,14,5.8362422
9,0,10,7.3493385
7,0,14,8.7579622
9,0,14,10.795639
13,0,10,5.7903881
15,0,8,2.388535
6,0,15,2.91257
8,0,14,7.1130652
4,0,12,2.11308
10,0,12,7.475122
6,0,13,1.1905471
8,0,14,7.4126949
7,0,14,2.5477707
8,0,14,10.464058
8,0,15,7.4309978
7,0,12,3.3760211
7,0,15,6.1244488
8,0,9,3.2842357
9,0,13,6.7368937
10,0,12,4.7120757
7,0,9,8.074831
10,0,10,4.3526835
10,0,12,15.311122
6,0,14,2.3246083
8,0,14,7.1962276
6,0,14,9.737874
8,0,14,3.1847134
8,0,14,9.2758646
8,0,14,6.1621542
12,0,10,5.7808671
9,0,13,7.9617834
11,0,11,4.6436086
7,0,14,2.7639749
8,0,9,2.8810906
8,0,13,2.7173321
7,0,10,1.8366282
11,0,12,2.7560019
10,0,12,4.5593457
7,0,12,3.0350959
8,0,12,3.9808917
6,0,15,6.1244488
7,0,14,12.861342
11,0,12,7.8392944
8,0,11,2.8034449
7,0,14,13.99874
8,0,14,2.9193206
6,0,15,10.411563
8,0,14,5.5290165
9,0,13,4.4096031
10,0,12,4.899559
7,0,15,5.6712394
7,0,11,4.1340032
8,0,14,7.2517195
9,0,14,8.9570065
7,0,14,11.636453
8,0,13,3.276454
6,0,14,3.6307807
5,0,11,2.9711611
6,0,13,5.5640969
8,0,15,6.1351748
8,0,14,7.2517195
7,0,15,14.649096
7,0,14,10.311001
9,0,14,5.5120039
4,0,12,1.1362041
4,0,12,5.4284887
9,0,12,13.178124
9,0,14,8.7894573
10,0,12,6.0251336
7,0,14,2.8847041
9,0,14,4.948729
11,0,12,5.7263598
8,0,15,4.899559
10,0,12,3.9808917
7,0,14,7.8392944
8,0,14,8.2796631
9,0,12,6.4994149
5,0,12,1.7249894
8,0,13,4.899559
6,0,14,12.132241
11,0,12,3.122268
13,0,9,5.3978195
6,0,13,8.5742283
7,0,13,6.4306712
6,0,13,7.0063696
6,0,13,5.4346642
6,0,13,8.9623184
8,0,13,10.978937
8,0,13,8.8192062
8,0,13,3.2386916
10,0,12,5.6051869
9,0,13,7.1812162
8,0,13,6.1556005
8,0,12,6.7368937
6,0,13,7.8739052
9,0,12,5.5455208
5,0,13,7.9617834
10,0,12,2.3873413
7,0,12,3.0622244
6,0,13,1.0686958
8,0,13,4.1521688
6,0,12,4.0312829
10,0,12,5.6533375
4,0,12,16.472656
8,0,10,1.5923567
10,0,12,4.2819676
3,0,13,9.4783134
6,0,12,1.7402805
9,0,13,3.3684468
9,0,13,5.4268661
7,0,13,5.2057815
9,0,12,3.5336626
7,0,13,9.1866732
6,0,11,1.8587822
9,0,12,1.305408
11,0,11,3.8176374
8,0,13,4.4096031
7,0,11,.21231422
7,0,15,8.7119818
7,0,12,4.0873327
6,0,13,5.6600356
9,0,12,8.5742283
8,0,12,2.6580811
8,0,12,2.4417298
9,0,12,7.2956581
6,0,14,7.9617834
8,0,12,1.5923567
8,0,13,7.1962276
9,0,12,5.1681752
7,0,14,8.3151789
6,0,12,3.0504291
10,0,12,1.3965455
9,0,12,2.8221056
6,0,12,3.2587764
9,0,12,5.5120039
8,0,12,4.7426858
9,0,12,5.7903881
4,0,14,9.8598728
8,0,12,3.6746693
6,0,12,2.8576691
8,0,12,3.9439175
3,0,12,2.1482046
10,0,10,3.9808917
8,0,13,8.5742283
6,0,13,5.8078904
7,0,13,4.3240719
2,0,13,6.7341957
5,0,9,1.1927766
10,0,12,4.1340032
8,0,12,4.5933366
11,0,10,12.176846
7,0,13,7.4358015
8,0,13,6.8331013
10,0,12,8.9171972
9,0,12,8.2839365
7,0,13,7.3519092
7,0,12,.68243855
7,0,12,3.703155
6,0,12,5.850512
8,0,12,7.1513023
8,0,13,7.1615858
6,0,13,1.1853772
8,0,12,5.2406673
7,0,13,3.7809381
8,0,13,3.5265975
6,0,13,7.655561
6,0,13,4.8085103
8,0,13,5.3391209
7,0,13,3.7436631
9,0,12,4.4708476
10,0,12,5.7222238
5,0,12,1.7292562
7,0,12,1.3339114
9,0,12,3.3463256
8,0,12,4.9806366
9,0,13,5.6651154
6,0,10,4.4096031
6,0,12,.67570692
10,0,12,8.9303303
9,0,12,3.1154804
10,0,12,6.0868244
9,0,12,3.0622244
8,0,12,6.038734
7,0,14,6.5225382
9,0,13,5.2057815
8,0,12,2.3331234
10,0,11,4.8211493
8,0,12,6.665679
9,0,13,5.2789035
9,0,13,5.6395965
10,0,12,6.8043108
7,0,12,5.5120039
8,0,13,7.9617834
6,0,14,12.552361
6,0,12,9.1101856
8,0,11,4.5495906
9,0,12,6.2953634
8,0,12,6.1753445
7,0,13,6.1244488
6,0,12,3.499685
8,0,12,3.3665047
7,0,13,6.1223054
8,0,13,5.2980986
9,0,12,4.3126326
8,0,13,5.0745435
6,0,12,3.821656
6,0,13,6.2775602
8,0,12,8.7273397
7,0,13,5.2608833
7,0,13,10.942348
6,0,13,5.5732484
9,0,12,9.3302145
4,0,12,7.9141083
5,0,12,5.3895149
9,0,12,2.9091132
11,0,11,9.01334
9,0,12,4.9927015
3,0,12,2.2456312
9,0,12,3.3684468
8,0,13,7.3493385
8,0,12,4.0589485
8,0,11,3.0293615
5,0,12,2.4497795
4,0,13,2.7186577
6,0,12,.67982388
9,0,12,5.2370844
7,0,12,3.1790366
8,0,13,4.899559
6,0,8,.097991183
7,0,12,2.5641816
8,0,13,11.373977
8,0,13,5.7039642
7,0,13,8.0098429
11,0,9,.9080649
8,0,13,7.4063101
8,0,13,2.8365867
7,0,13,3.6676161
7,0,12,2.9856689
9,0,12,4.6545811
8,0,12,2.7890079
10,0,12,2.1021211
8,0,12,4.0904574
6,0,14,8.6481438
9,0,11,3.017097
8,0,12,2.5477707
6,0,9,1.1450654
7,0,13,7.655561
11,0,11,7.0771408
8,0,13,1.7498425
10,0,12,5.5120039
8,0,12,3.9808917
6,0,12,4.0146689
4,0,12,3.9705517
10,0,12,3.5385704
5,0,14,4.4626555
7,0,13,6.1244488
9,0,12,4.088263
7,0,12,1.7076211
6,0,13,6.7368937
3,0,13,.59416294
4,0,12,1.4519969
6,0,13,9.799118
8,0,13,5.6971617
9,0,12,16.780991
9,0,12,2.8626637
8,0,14,5.7903881
7,0,13,7.50245
3,0,12,3.5498397
9,0,13,2.4146943
13,0,7,4.3551636
10,0,11,1.9954344
9,0,12,1.1708505
8,0,13,7.3493385
6,0,11,4.2704849
6,0,9,2.6539278
6,0,12,3.35233
6,0,12,5.9713378
9,0,13,4.899559
8,0,13,1.6379756
8,0,13,5.9713378
6,0,12,2.7522213
8,0,12,12.786804
5,0,12,3.3684468
8,0,14,3.6746693
10,0,12,2.6832905
3,0,14,2.8951941
4,0,12,11.207203
5,0,12,4.104012
4,0,14,2.7981629
8,0,12,2.1638796
10,0,12,3.051034
7,0,12,6.1712956
8,0,12,9.6832504
9,0,12,8.0492754
9,0,11,4.7360244
4,0,12,6.8734822
9,0,12,3.8277805
9,0,12,10.294023
8,0,12,13.087863
9,0,12,3.4066627
6,0,13,5.2768154
5,0,12,4.5495906
7,0,12,3.703155
9,0,12,3.5840826
5,0,9,5.3524594
8,0,12,4.5495906
6,0,9,3.5385704
9,0,12,6.0661206
6,0,12,7.0640593
4,0,12,2.9034424
7,0,12,8.334301
5,0,12,1.9904459
8,0,11,5.5120039
8,0,11,3.5125515
9,0,11,4.1646252
6,0,12,5.0246058
9,0,12,5.5160599
8,0,12,5.9713378
9,0,12,7.0147872
5,0,12,5.2454104
4,0,12,4.4402256
13,0,7,3.0622244
6,0,12,6.5664191
6,0,12,7.3807459
6,0,12,2.1755159
9,0,12,4.899559
9,0,8,6.8111172
8,0,12,3.9808917
6,0,11,6.4306712
5,0,11,3.3760211
9,0,12,5.1110291
6,0,12,2.9217553
8,0,12,7.3493385
7,0,12,10.10077
8,0,12,6.5010266
7,0,12,8.2680063
8,0,12,2.7773664
9,0,12,5.8087997
8,0,12,4.5933366
7,0,12,11.008885
9,0,12,7.7285933
7,0,12,1.9610304
6,0,12,7.6644554
9,0,12,4.2862897
7,0,12,2.248033
5,0,12,6.1024446
9,0,11,6.7368937
8,0,11,2.9785089
9,0,12,4.0621343
6,0,12,5.5120039
6,0,12,5.7096453
5,0,13,6.4148655
10,0,9,6.3900399
7,0,12,10.411563
8,0,10,3.7637522
8,0,11,2.7613122
9,0,11,5.0880036
9,0,12,3.3347783
10,0,8,2.8951941
4,0,11,2.518666
8,0,12,4.069921
9,0,11,3.8277805
6,0,12,5.649159
6,0,12,5.8182263
6,0,12,2.2966683
11,0,10,3.9808917
3,0,12,1.4928344
2,0,12,2.5683172
6,0,12,5.595397
9,0,12,10.615711
3,0,12,8.2046852
6,0,12,1.2248898
9,0,12,11.005995
7,0,12,6.6148152
5,0,9,1.5976822
9,0,12,7.1671634
9,0,12,7.655561
9,0,12,4.1513953
8,0,12,9.5983725
6,0,12,6.4861779
6,0,12,9.4222288
7,0,12,8.0440521
6,0,13,4.899559
5,0,12,4.899559
7,0,12,4.6584902
8,0,12,3.5092099
5,0,11,1.8423961
8,0,12,3.0696032
9,0,12,3.9347811
7,0,12,3.0622244
9,0,12,6.1244488
6,0,12,4.899559
9,0,12,5.3588929
8,0,12,6.2503719
6,0,12,3.9808917
8,0,12,5.8644338
9,0,11,4.6350288
5,0,12,1.6193458
5,0,12,5.1644001
8,0,12,3.9282808
6,0,12,4.0867081
5,0,11,6.2445359
9,0,11,4.5001383
9,0,12,3.1743398
8,0,12,3.7705169
5,0,11,2.3302782
5,0,12,7.9617834
8,0,12,6.848846
9,0,12,5.140883
9,0,12,9.5678082
9,0,11,5.8704395
8,0,12,3.9196472
7,0,12,7.655561
9,0,12,6.7368937
7,0,9,4.2871141
6,0,13,8.2104654
10,0,11,2.6429157
8,0,12,3.6746693
7,0,12,.68982959
8,0,12,1.8219184
5,0,12,6.6494017
7,0,11,3.9808917
6,0,12,2.5022748
8,0,11,1.4868391
7,0,11,4.0969725
9,0,11,7.2967181
9,0,11,4.2111912
5,0,13,8.3685904
9,0,11,3.1563065
9,0,12,4.7127233
8,0,12,3.5262163
7,0,12,4.7035766
8,0,10,4.1704578
9,0,12,4.8386531
3,0,11,2.4581835
9,0,12,6.1244488
6,0,12,8.8804512
7,0,12,7.655561
8,0,11,5.2025657
6,0,12,3.1546688
5,0,12,3.4198265
9,0,12,4.8859415
9,0,12,.51978999
9,0,12,4.2871141
6,0,12,3.0622244
6,0,13,4.6932616
8,0,12,10.924692
8,0,11,4.6768517
9,0,10,2.4497795
9,0,12,2.2292993
9,0,12,4.2099462
8,0,12,5.1717567
7,0,12,1.2208649
6,0,12,2.9200811
4,0,10,2.9098904
7,0,12,1.5589507
9,0,12,3.7688916
9,0,12,7.9617834
4,0,11,.81659317
7,0,12,3.9502695
6,0,10,2.1710424
7,0,12,4.4585986
6,0,10,3.5486805
6,0,13,11.636453
8,0,12,2.9155827
5,0,11,2.388535
6,0,11,4.899559
4,0,12,7.0431161
6,0,12,4.387105
7,0,11,5.3078556
9,0,12,5.8941693
6,0,10,2.3306842
6,0,12,1.007024
9,0,12,6.361475
10,0,11,6.0537663
10,0,10,3.4011502
8,0,12,4.9761147
9,0,12,2.8662419
7,0,11,2.7811708
9,0,11,2.7793863
5,0,13,3.1483858
10,0,10,3.6746693
8,0,12,8.8804512
9,0,12,4.899559
8,0,12,.28133512
9,0,12,7.5564132
8,0,12,4.899559
5,0,12,2.2845864
9,0,12,2.8266687
8,0,13,6.0155697
5,0,13,4.5083714
9,0,12,9.4773407
11,0,10,8.6365108
4,0,12,3.6746693
6,0,12,3.122268
9,0,11,9.2007475
2,0,12,4.2441082
9,0,12,2.5150747
5,0,11,3.5923014
5,0,12,4.7356334
6,0,12,3.8770423
8,0,11,6.0495648
6,0,11,2.923991
7,0,11,10.393004
9,0,11,8.5936708
8,0,11,7.3175235
7,0,10,7.1628056
7,0,12,6.7691278
8,0,10,6.2195911
7,0,11,11.306675
8,0,10,4.6793542
7,0,11,4.2874351
4,0,11,3.1131117
7,0,11,4.8107452
8,0,11,6.6079578
10,0,8,2.5830214
6,0,11,12.095786
6,0,8,1.4461679
4,0,11,7.9617834
6,0,11,5.5885596
8,0,11,5.2182493
8,0,10,3.2168822
9,0,11,3.3291528
3,0,11,3.0622244
9,0,11,4.2747831
9,0,11,4.746448
8,0,11,6.3422456
7,0,10,1.8355696
7,0,11,5.5941505
5,0,12,2.9200811
6,0,11,7.0431161
8,0,11,6.1244488
4,0,11,.6617586
9,0,11,6.1244488
9,0,11,6.4306712
4,0,11,7.3493385
7,0,11,8.1469412
3,0,11,5.5363283
7,0,11,1.9658159
5,0,11,7.6052856
9,0,11,5.8268056
6,0,11,2.9488087
8,0,11,3.1531816
9,0,9,2.1435571
7,0,12,10.770968
6,0,11,3.1428092
4,0,10,5.1297398
9,0,11,5.4595084
7,0,10,5.5120039
5,0,10,8.380825
8,0,11,7.1147852
8,0,11,10.105341
4,0,11,10.5654
7,0,11,7.0431161
7,0,11,6.2988791
6,0,11,6.3694267
7,0,12,4.5495906
7,0,11,6.1110611
6,0,11,7.7205172
8,0,10,1.6529654
7,0,11,3.7288589
6,0,11,5.1242371
8,0,10,1.5519415
8,0,10,6.2278838
6,0,10,3.6746693
7,0,11,4.2788854
8,0,11,5.7876043
9,0,10,4.3826332
6,0,11,2.3530366
8,0,11,3.3684468
8,0,10,3.9808917
6,0,11,5.3750439
7,0,11,5.6869884
9,0,11,5.9740829
8,0,11,5.2057815
5,0,10,3.3401217
7,0,11,4.4585986
4,0,10,2.8919077
8,0,11,3.6746693
9,0,11,4.432333
5,0,11,2.8999441
7,0,11,3.8572004
6,0,11,7.4189343
5,0,11,6.7368937
8,0,12,4.1159463
7,0,11,8.3510265
7,0,11,11.980796
9,0,11,5.3282704
7,0,12,3.1847134
8,0,11,4.5495906
6,0,11,9.9146738
4,0,11,2.5660999
5,0,11,10.781212
8,0,11,6.3141775
9,0,10,2.1435571
7,0,11,9.1947107
9,0,11,2.9010546
8,0,11,1.9231361
3,0,11,5.2057815
8,0,11,.55120039
4,0,11,5.3978195
9,0,11,10.734989
8,0,11,5.6061306
7,0,10,3.0622244
6,0,12,6.4278617
7,0,10,4.3813553
8,0,11,6.9874558
7,0,10,5.1783957
4,0,11,4.0829659
8,0,11,3.7467215
5,0,11,7.2758803
7,0,11,4.0420289
8,0,11,5.2057815
8,0,10,5.2057815
9,0,11,8.2424536
5,0,10,2.2747953
7,0,11,3.8186011
8,0,12,5.5107718
8,0,9,3.6059544
9,0,11,4.6646781
9,0,11,4.991426
5,0,11,3.0622244
4,0,11,8.4076433
9,0,10,8.8804512
9,0,10,7.0431161
8,0,10,4.1539741
3,0,11,3.5240681
7,0,11,5.3609061
9,0,11,4.1122556
8,0,11,8.580575
6,0,10,7.493443
7,0,11,4.5127516
4,0,11,3.4501061
9,0,11,4.3883843
9,0,11,2.4804018
7,0,11,6.3030787
6,0,11,3.8277805
6,0,11,3.4616449
9,0,10,3.954644
8,0,11,8.53794
7,0,10,5.1205754
8,0,10,2.1435571
9,0,11,3.9479918
8,0,11,3.0534165
7,0,10,4.6443739
8,0,11,2.2579448
9,0,11,9.4528599
8,0,10,6.6625805
7,0,11,10.183677
7,0,10,5.9195414
4,0,11,2.1615701
7,0,11,7.4371958
7,0,11,6.1244488
3,0,11,1.7975805
8,0,11,2.8251491
6,0,11,10.105341
5,0,11,6.1244488
6,0,11,6.9596009
8,0,11,7.9950962
5,0,11,6.8900051
8,0,11,5.8107052
8,0,11,7.1764131
4,0,11,1.1921387
2,0,11,3.8956738
8,0,12,3.289993
6,0,11,3.8743472
8,0,11,4.2685165
6,0,11,6.1143122
9,0,10,3.9844491
8,0,11,8.7729836
7,0,11,3.9472504
9,0,10,3.6746693
8,0,11,2.4497795
6,0,11,3.3684468
6,0,11,3.8107681
7,0,11,2.4497795
6,0,11,4.3595185
5,0,11,2.2427559
7,0,10,4.5933366
9,0,11,6.0966806
5,0,11,1.8063296
3,0,10,1.9301293
3,0,11,4.2843676
3,0,10,1.9904459
2,0,10,.27132809
4,0,11,2.5168967
7,0,11,3.2250261
9,0,10,7.5502925
11,0,8,1.4764709
8,0,10,2.647624
8,0,12,5.3109508
8,0,12,3.0622244
9,0,11,4.1340032
5,0,11,6.4994149
7,0,11,2.9430716
5,0,11,2.4497795
6,0,10,3.1890621
7,0,11,4.5495906
5,0,10,4.6768517
6,0,11,4.345613
7,0,10,2.3161552
8,0,10,3.0622244
8,0,12,6.1244488
7,0,11,4.3378615
7,0,11,3.605336
8,0,10,5.7880387
5,0,11,5.7105207
7,0,12,2.7560019
10,0,8,3.3602488
9,0,11,7.279345
9,0,11,4.8593245
7,0,10,5.1037073
6,0,10,18.515776
9,0,10,5.4712763
10,0,9,5.6079292
8,0,10,5.4507594
8,0,10,6.7368937
6,0,10,3.4674435
5,0,10,7.4718275
5,0,10,4.4059191
9,0,10,5.3588929
8,0,10,1.7498425
5,0,9,2.3109031
9,0,10,10.841578
10,0,9,2.7560019
9,0,10,3.9808917
9,0,10,3.4253855
8,0,9,1.1942675
8,0,10,3.9612989
8,0,10,2.244261
9,0,9,5.9713378
6,0,10,1.8439201
8,0,10,4.1340032
5,0,10,.51868296
4,0,10,5.6466551
9,0,10,10.972971
3,0,10,1.0191083
4,0,9,3.7913253
8,0,9,3.0622244
9,0,10,7.0431161
7,0,10,1.9833624
8,0,9,3.145396
4,0,9,3.35233
5,0,11,.55410409
4,0,9,.32497075
9,0,10,4.4912624
3,0,9,.55146551
9,0,8,5.7124906
4,0,9,2.4250047
9,0,6,4.517324
8,0,9,4.6301517
3,0,9,2.3272905
9,0,8,2.1435571
9,0,9,3.6746693
3,0,8,1.4812621
3,0,8,1.676165
10,1,12,11.455804
7,1,14,2.9332886
12,1,11,6.219131
12,1,12,6.9153776
11,1,11,4.9465628
12,1,12,5.1345639
10,1,12,3.0622244
7,1,11,5.5872164
11,1,12,7.655561
10,1,14,16.65645
9,1,15,3.2168822
12,1,12,6.8287606
8,1,11,1.0328801
11,1,12,3.4909358
10,1,12,6.1309991
11,1,13,4.6384439
7,1,15,7.9617834
8,1,15,8.9458237
9,1,13,2.4497795
11,1,12,2.6329405
14,1,8,6.1893721
9,1,12,2.0414829
10,1,11,1.0927938
8,1,14,.73493385
11,1,12,3.5031848
6,1,14,9.0335617
9,1,15,8.7579622
12,1,10,4.899559
8,1,13,6.3482656
11,1,12,2.9117379
5,1,15,3.2663727
8,1,12,4.3329434
10,1,12,3.2527249
12,1,12,10.564674
12,1,12,7.9447589
11,1,12,6.1244488
15,1,8,3.239378
9,1,12,2.5294578
12,1,11,2.9625242
16,1,8,5.7379961
9,1,14,9.799118
11,1,12,6.1244488
9,1,15,15.716767
7,1,12,7.4641719
9,1,12,2.3590469
12,1,12,6.1197414
8,1,15,12.204889
8,1,12,5.5732484
13,1,9,4.423213
7,1,12,10.968499
12,1,10,2.0029645
14,1,9,7.8392944
11,1,12,4.8253231
9,1,11,3.3406084
9,1,13,6.2782903
11,1,10,2.0747318
10,1,11,3.6746693
8,1,14,5.4109206
9,1,13,6.6348195
6,1,13,3.3684468
9,1,11,6.3553038
11,1,12,4.899559
9,1,12,4.7491341
11,1,12,2.4655845
11,1,12,7.0431161
6,1,11,2.5922086
9,1,11,4.899559
6,1,12,4.9865909
5,1,14,3.075532
9,1,12,4.3940854
7,1,12,7.7248869
5,1,14,14.382577
10,1,10,9.6344271
7,1,12,5.7382221
9,1,10,4.3388467
10,1,12,4.4113345
8,1,14,10.634977
9,1,12,7.6963906
6,1,14,11.660951
5,1,14,1.384658
6,1,13,1.4861996
4,1,14,5.0862937
8,1,12,9.0346479
10,1,11,2.4497795
14,1,9,7.1962276
12,1,11,5.5120039
9,1,12,3.2143846
13,1,8,1.031706
11,1,10,6.1244488
3,1,15,6.4555001
4,1,12,2.3437285
11,1,12,4.899559
7,1,14,3.9808917
8,1,10,.86855817
12,1,11,6.7368937
6,1,12,.83195227
7,1,13,4.5495906
6,1,11,6.008893
10,1,12,8.6855822
12,1,10,3.0622244
11,1,8,1.5250024
10,1,12,5.345367
13,1,10,7.0431161
6,1,12,6.1244488
6,1,14,3.5956442
14,1,9,3.6761119
8,1,14,2.0489883
6,1,14,2.4497795
9,1,12,3.0013006
11,1,9,5.0752406
8,1,14,4.4855118
11,1,12,8.9530096
7,1,10,1.0734988
7,1,14,14.29038
8,1,13,4.899559
9,1,12,8.2680063
7,1,12,3.4344947
11,1,12,7.3493385
7,1,14,4.8510485
12,1,10,4.7283955
10,1,12,5.5120039
9,1,12,6.8086977
12,1,10,2.6175725
7,1,12,4.0256209
8,1,12,5.4373155
9,1,12,12.283895
9,1,12,3.9808917
11,1,10,4.0483646
6,1,13,11.092494
9,1,12,5.2057815
10,1,9,3.122268
13,1,9,3.9808917
10,1,11,7.2640519
8,1,12,5.8301387
8,1,13,3.191968
11,1,11,3.9156313
8,1,12,3.3328395
7,1,14,4.6044049
11,1,10,2.8467855
8,1,9,1.0881709
7,1,12,1.4329641
10,1,9,3.8277805
8,1,12,8.1148949
8,1,12,7.4641719
8,1,12,5.8168283
8,1,11,6.4337645
11,1,10,2.532016
9,1,12,4.4960661
9,1,10,1.7978221
10,1,12,5.2057815
5,1,12,.31847134
10,1,9,5.9144678
8,1,12,10.1985
8,1,12,4.746448
8,1,9,5.4284887
6,1,11,4.2540193
8,1,12,6.1244488
9,1,12,4.899559
8,1,13,7.9617834
7,1,13,5.8519878
8,1,13,4.1904125
9,1,12,2.3382623
7,1,12,7.9617834
12,1,10,2.7560019
7,1,13,5.942934
10,1,12,2.1149175
7,1,13,5.0526705
13,1,8,3.1847134
3,1,11,1.6472656
6,1,12,5.2057815
6,1,14,10.615711
10,1,11,4.813169
8,1,13,9.9334164
9,1,12,5.6785378
8,1,12,3.5783296
8,1,11,4.6161699
7,1,12,8.0394373
9,1,13,7.1451902
8,1,10,7.4332433
4,1,12,2.0080161
10,1,11,2.0029645
8,1,12,3.28122
4,1,12,1.9935608
11,1,11,9.3755579
7,1,13,5.9713378
7,1,13,9.7531843
5,1,12,4.5933366
9,1,12,7.0431161
9,1,11,5.5975027
5,1,12,6.2556868
4,1,11,2.7613122
9,1,8,4.899559
10,1,11,10.105341
8,1,12,2.5697343
6,1,11,7.735167
9,1,10,2.7560019
8,1,11,9.3539076
6,1,11,5.7758026
7,1,12,5.0065365
11,1,8,5.7091508
8,1,9,.52581948
6,1,12,2.1435571
8,1,11,7.655561
7,1,12,8.5742283
7,1,12,3.1120977
9,1,12,3.9769108
5,1,12,3.7659204
9,1,12,7.3493385
12,1,8,1.0411563
6,1,9,5.8182263
7,1,11,.22116065
6,1,11,4.899559
4,1,11,3.1070375
8,1,11,3.8370042
8,1,12,4.3866577
2,1,12,3.7284448
8,1,11,4.5933366
8,1,12,6.3220115
12,1,8,6.0509553
7,1,11,4.3927083
3,1,12,6.4306712
5,1,12,5.7324839
5,1,11,4.5933366
5,1,12,3.6860108
8,1,12,7.1560454
9,1,12,7.0431161
8,1,11,4.77707
3,1,11,9.4928961
7,1,13,3.7913253
9,1,12,3.3684468
9,1,11,3.9808917
6,1,10,5.7324839
10,1,11,2.205862
10,1,10,1.9053841
5,1,11,4.77707
3,1,12,2.3810942
4,1,12,4.5569882
10,1,11,7.9617834
8,1,11,5.5386319
5,1,13,9.6630192
5,1,12,5.2057815
4,1,11,6.4078741
7,1,11,5.6962352
5,1,11,39.808918
7,1,12,4.5933366
8,1,12,9.5694513
6,1,12,8.5742283
7,1,12,.762537
6,1,12,5.7253275
6,1,11,18.473419
2,1,13,3.3641338
10,1,9,4.7321148
7,1,8,2.1435571
9,1,11,4.1340032
9,1,11,7.6846914
6,1,11,3.7052915
7,1,12,5.4075131
6,1,12,3.9676661
5,1,11,6.0983872
6,1,11,3.3174098
5,1,11,11.722872
6,1,11,3.7454627
8,1,10,7.9617834
9,1,9,2.5409946
7,1,11,4.2200265
9,1,11,4.4585986
7,1,11,7.655561
8,1,11,5.384131
8,1,11,5.6653099
7,1,11,5.2057815
7,1,10,5.4491296
7,1,11,4.1141334
5,1,12,11.889597
4,1,10,3.0622244
4,1,11,4.5627146
9,1,10,4.899559
10,1,10,.82612538
7,1,8,1.8373346
4,1,11,6.2775602
4,1,11,4.746448
7,1,11,5.2057815
7,1,11,3.2094011
7,1,10,5.2057815
8,1,10,5.8182263
8,1,10,6.2394385
2,1,11,11.811437
9,1,10,5.8182263
9,1,11,2.9047966
5,1,12,4.1033807
8,1,11,7.3493385
7,1,10,.50470895
9,1,9,.46972173
7,1,11,4.6315084
8,1,11,3.5985463
4,1,11,6.4306712
7,1,10,6.3694267
5,1,10,4.3517823
8,1,10,4.6848373
4,1,10,3.9704432
8,1,11,10.707113
7,1,10,4.746448
5,1,10,9.8436594
2,1,12,4.5062609
8,1,9,5.4639692
8,1,10,4.1996222
7,1,11,3.1847134
8,1,11,5.6267023
7,1,10,2.1435571
6,1,9,3.6746693
7,1,10,5.740685
8,1,11,7.9617834
8,1,10,1.378001
8,1,11,5.1328712
7,1,10,3.0622244
9,1,11,6.8243856
10,1,9,1.3132839
10,1,9,5.5120039
4,1,13,5.9395189
6,1,11,6.586791
6,1,11,4.0946317
6,1,11,6.6097827
7,1,9,5.3524594
5,1,9,2.0603507
4,1,8,3.6396725
7,1,10,6.5787506
7,1,10,2.5142474
8,1,9,5.3287525
9,1,8,7.3493385
3,1,8,9.0991812
7,1,10,8.6660948
7,1,10,2.1713955
5,1,11,9.2993631
6,1,10,2.8152163
9,1,10,7.0431161
6,1,10,7.4630508
7,1,10,5.3928785
9,1,10,3.251996
5,1,11,4.2871141
5,1,10,5.9151435
7,1,10,7.1349831
4,1,10,11.636453
6,1,9,5.1778245
6,1,7,4.6540694
3,1,8,.77675939
3,1,10,5.384131
10,1,12,11.198992
9,1,12,7.4535847
11,1,12,7.8115611
8,1,12,8.2680063
14,1,8,1.8515775
10,1,11,4.5122709
8,1,10,3.789809
9,1,13,3.5713792
10,1,14,10.615711
11,1,12,5.5120039
7,1,15,12.086732
9,1,12,4.899559
7,1,12,2.5875797
11,1,12,3.1531816
8,1,14,2.4419527
10,1,12,3.8781216
5,1,14,6.0776973
14,1,10,5.4797702
11,1,12,8.7172813
14,1,8,5.6543212
8,1,10,7.6007481
6,1,14,8.1065435
12,1,10,2.3645203
11,1,9,4.1904125
12,1,12,5.6617126
10,1,12,7.9617834
11,1,12,5.8460646
7,1,14,4.1218219
18,1,6,5.061615
16,1,8,5.2488065
16,1,8,4.0991359
11,1,11,12.327923
9,1,14,25.076735
10,1,12,5.8494735
11,1,12,5.5120039
11,1,13,3.0622244
12,1,12,8.3204222
8,1,15,.89124441
7,1,15,7.8283458
12,1,11,4.3987756
11,1,13,8.4503174
16,1,6,.23144719
9,1,9,2.6724868
13,1,6,3.5812037
14,1,8,10.411563
17,1,6,7.0063696
11,1,13,9.5823231
8,1,12,4.5933366
11,1,12,6.7572331
10,1,10,7.3493385
9,1,14,10.394821
11,1,12,6.5109696
12,1,11,18.373346
15,1,4,3.5649776
9,1,13,9.0239811
8,1,13,6.2101912
9,1,12,6.4306712
7,1,14,10.105341
11,1,12,11.785315
6,1,12,3.4702177
9,1,12,4.2462845
7,1,14,6.2554874
9,1,13,13.609886
11,1,12,6.4306712
9,1,12,6.7368937
9,1,13,5.8877053
9,1,12,1.7416401
6,1,13,10.436795
9,1,13,5.1297398
6,1,13,7.0117979
8,1,14,10.564674
18,1,4,9.0991812
6,1,12,3.3075659
10,1,11,3.5583389
10,1,12,7.3493385
10,1,10,5.492712
10,1,10,1.561134
10,1,11,12.151529
15,1,8,4.7961202
11,1,12,5.4140129
9,1,13,6.6348195
11,1,12,12.489072
11,1,12,3.0622244
9,1,13,5.9843469
10,1,12,7.5081654
9,1,12,12.853238
11,1,12,5.8182263
11,1,12,7.5569472
6,1,13,2.3161552
11,1,12,4.2871141
6,1,14,11.330231
11,1,11,3.2563531
10,1,12,4.8253231
10,1,10,9.9102917
17,1,6,5.6068897
7,1,12,4.1539741
8,1,12,4.8745613
7,1,12,1.6634306
8,1,12,3.2587764
7,1,10,6.9665604
8,1,13,10.227235
11,1,10,2.8141797
9,1,11,5.2057815
9,1,12,10.49425
8,1,12,9.799118
5,1,13,9.7640676
12,1,11,7.9617834
10,1,12,4.2871141
8,1,13,7.0431161
12,1,9,3.6419847
9,1,12,6.5639129
7,1,12,13.771733
10,1,9,4.1513953
10,1,8,2.5477707
15,1,6,6.7368937
8,1,12,4.2871141
8,1,12,9.1866732
8,1,12,5.8182263
8,1,12,7.0431161
8,1,11,4.1596255
10,1,12,4.9761147
8,1,12,5.1309919
12,1,9,5.3588929
13,1,8,2.6423385
7,1,11,3.821656
10,1,11,4.5933366
8,1,12,4.5924177
13,1,8,5.5120039
7,1,12,5.755506
8,1,12,4.0943317
9,1,12,3.1800022
11,1,11,6.9563704
8,1,13,10.555395
9,1,10,3.613127
10,1,12,9.764451
4,1,11,2.7936082
10,1,11,5.2057815
9,1,12,4.6044049
10,1,11,9.1866732
9,1,12,8.1570311
10,1,12,10.110201
9,1,12,12.16923
8,1,12,5.9883499
10,1,12,16.22979
9,1,12,7.5687885
11,1,10,10.184616
11,1,9,7.00353
7,1,12,4.1226063
7,1,12,3.3843925
10,1,11,4.8149014
5,1,12,7.1202941
8,1,11,3.6746693
5,1,12,9.1866732
11,1,7,6.1309991
7,1,11,2.7560019
8,1,11,5.8182263
6,1,11,11.330231
9,1,9,1.6003585
6,1,10,1.3099078
6,1,11,2.4430678
11,1,9,4.0904574
7,1,10,4.3498526
10,1,10,11.126341
7,1,10,.68326581
6,1,11,7.3162336
10,1,11,4.899559
11,1,10,6.7368937
5,1,12,6.2650099
10,1,11,3.3649802
7,1,12,4.1690793
8,1,11,5.2423267
8,1,12,2.8204103
9,1,12,8.5742283
7,1,11,9.1866732
7,1,10,4.172893
7,1,9,10.133179
10,1,11,5.8466659
10,1,10,7.655561
8,1,12,3.2497075
4,1,13,5.6729183
10,1,8,4.0946317
6,1,11,7.3493385
9,1,12,8.2009783
8,1,11,5.2057815
7,1,11,9.9522295
8,1,10,2.9694297
14,1,6,5.5120039
18,1,3,5.5168262
8,1,12,14.392455
12,1,7,5.0526705
10,1,10,10.42566
9,1,12,6.2605476
6,1,11,2.7560019
6,1,11,4.069356
9,1,11,3.7671769
4,1,11,2.2500691
8,1,12,4.5987091
9,1,11,1.5833092
8,1,12,8.921423
8,1,13,20.845396
6,1,11,4.899559
9,1,11,4.0180588
8,1,10,6.2520413
8,1,11,3.4351964
9,1,11,5.7449732
7,1,12,5.9551549
2,1,13,4.7842464
10,1,7,4.0355396
8,1,13,8.9419594
9,1,12,9.1866732
14,1,6,5.4595084
10,1,8,5.8159122
7,1,11,2.6407242
8,1,9,2.4497795
8,1,9,2.78953
8,1,12,7.9123316
3,1,10,5.9250484
6,1,10,7.9617834
8,1,11,4.0300384
9,1,10,4.6115952
5,1,11,5.1537485
7,1,11,5.3078556
8,1,11,7.6128607
8,1,11,8.8804512
9,1,9,3.3684468
6,1,9,5.1644001
11,1,9,4.7996569
11,1,5,3.8026428
5,1,9,2.5578012
5,1,10,5.5120039
7,1,11,13.469398
10,1,10,7.0431161
7,1,11,5.9713378
8,1,11,11.071436
6,1,11,3.1154804
6,1,9,4.899559
7,1,11,5.3588929
7,1,10,3.7688916
8,1,10,5.5501227
5,1,10,2.1055956
9,1,11,3.868073
5,1,11,7.3493385
9,1,11,10.702018
8,1,10,5.7903881
9,1,10,6.8898339
7,1,11,6.5837827
7,1,12,5.3323722
5,1,11,3.4920104
5,1,11,5.5547328
6,1,10,9.6282034
8,1,10,4.088038
6,1,10,2.3451498
6,1,9,.81381088
8,1,11,3.7988629
4,1,11,1.6116971
8,1,11,9.6460066
6,1,10,3.993371
6,1,10,3.4663546
5,1,12,9.9029961
7,1,10,4.899559
4,1,10,2.4880574
9,1,11,3.9277041
7,1,10,3.0622244
11,1,9,4.9847689
12,1,6,2.7560019
8,1,10,8.7334929
8,1,10,2.1435571
6,1,10,5.6714072
9,1,11,2.5849946
11,1,8,3.9808917
6,1,11,10.411563
6,1,10,5.2429237
3,1,10,.9829362
10,1,9,3.9808917
6,1,11,11.595623
10,1,10,6.9993701
9,1,9,5.9666762
9,1,9,6.1244488
6,1,10,6.4873791
8,1,10,3.0399537
4,1,10,2.388535
8,1,10,8.4744902
8,1,10,6.3517013
4,1,10,5.2057815
9,1,10,7.0337229
8,1,9,5.7787137
4,1,9,3.9808917
4,1,10,1.0049056
6,1,10,9.1281595
7,1,9,5.1574306
4,1,9,4.5933366
4,1,9,1.8312101
6,1,9,3.7512558
11,1,13,6.1739192
12,1,12,8.2680063
7,1,13,5.1049662
8,1,14,8.5209723
9,1,15,21.435572
5,1,15,7.249754
12,1,12,13.167565
8,1,14,6.4306712
5,1,14,13.609886
12,1,12,5.624218
11,1,11,4.7926459
9,1,14,13.221964
5,1,15,8.2680063
11,1,12,7.279345
8,1,15,12.55512
11,1,12,7.4271564
11,1,12,8.492569
9,1,12,15.311122
9,1,15,13.78001
10,1,13,9.799118
12,1,12,3.9808917
11,1,12,6.8858666
14,1,9,2.7573276
13,1,11,4.0884833
12,1,12,7.655561
6,1,12,2.6670012
9,1,15,7.8358502
15,1,8,3.6189926
9,1,12,7.5126572
11,1,12,5.5409265
12,1,12,5.8182263
6,1,14,5.1844172
9,1,12,10.717786
11,1,13,4.4855118
14,1,5,7.5004463
9,1,14,10.291713
9,1,15,16.331863
8,1,14,5.4190149
8,1,15,5.6869884
9,1,15,15.938603
10,1,12,4.9330411
11,1,12,9.9604206
10,1,12,5.1412416
11,1,12,7.3738365
5,1,15,11.745042
7,1,14,4.934063
7,1,13,8.6855822
12,1,12,9.2547226
10,1,12,4.899559
12,1,11,1.6359829
14,1,8,4.0899572
8,1,14,7.4468422
12,1,12,7.8086724
12,1,12,3.6746693
10,1,12,5.1208115
12,1,12,7.4387465
10,1,13,8.3319302
11,1,13,7.3091784
11,1,12,5.0480304
9,1,14,5.1760607
12,1,12,5.3588929
10,1,14,6.7368937
15,1,8,2.9322169
11,1,13,11.146497
10,1,13,7.9355264
9,1,15,7.1043606
9,1,14,7.2852921
12,1,12,5.5676808
9,1,15,14.147477
11,1,12,8.8804512
10,1,12,10.166585
8,1,14,10.071316
11,1,12,5.0271721
11,1,12,5.3588929
11,1,12,5.5120039
9,1,13,4.2951312
8,1,15,9.799118
9,1,12,9.1866732
8,1,16,8.9825249
10,1,12,7.50245
10,1,12,11.024008
12,1,12,4.6976252
9,1,14,12.310143
8,1,13,7.655561
12,1,12,8.6763029
14,1,10,5.3524594
11,1,12,5.4140129
10,1,14,11.715961
7,1,15,12.248898
11,1,13,6.1244488
11,1,12,2.5802076
8,1,15,5.2380157
5,1,14,8.4256983
11,1,10,4.2510881
7,1,14,5.1858358
11,1,13,14.345555
7,1,16,8.5742283
7,1,13,2.5856936
8,1,15,8.492569
10,1,12,5.3588929
8,1,15,9.6641626
11,1,13,7.1025982
11,1,12,6.3088617
7,1,14,6.7472739
9,1,12,5.2727041
11,1,11,12.358589
12,1,12,4.9488235
11,1,12,11.769593
9,1,12,5.1037073
12,1,12,9.1866732
11,1,12,10.105341
12,1,12,5.857842
10,1,14,4.5933366
9,1,14,11.636453
10,1,12,.33823708
10,1,12,8.1242685
9,1,12,3.3113227
8,1,12,2.769316
9,1,12,3.3641338
6,1,14,4.4541445
10,1,12,10.044096
6,1,14,11.330231
12,1,12,6.7368937
10,1,14,4.6155267
10,1,12,6.5837827
9,1,14,4.9902916
12,1,12,8.8192062
9,1,12,3.573956
9,1,12,4.6605563
10,1,12,4.7022614
15,1,9,3.9291918
11,1,12,9.8207016
10,1,14,3.5828025
11,1,12,8.2680063
12,1,11,6.4306712
9,1,15,5.9416294
10,1,12,3.9925282
6,1,15,6.0661206
9,1,15,8.5742283
9,1,15,8.2680063
9,1,14,11.99623
9,1,15,12.119962
9,1,14,6.3042107
9,1,15,9.3525763
7,1,14,6.8403592
7,1,14,7.2544723
12,1,12,3.6557417
8,1,15,6.9205041
7,1,15,11.266675
8,1,15,9.1866732
7,1,15,3.5884094
11,1,9,3.4551136
9,1,15,9.7206059
9,1,15,14.618357
8,1,14,11.557427
12,1,12,6.5981631
9,1,15,3.9196472
10,1,12,4.4541445
8,1,15,5.2432642
8,1,9,18.373346
10,1,12,7.814343
10,1,12,7.0063696
9,1,15,13.491889
10,1,14,7.1451902
9,1,15,7.5513821
7,1,15,7.9617834
9,1,15,7.735167
8,1,16,8.7103271
12,1,12,5.0516143
6,1,13,4.899559
6,1,15,2.6818638
8,1,15,14.33633
7,1,14,12.00392
8,1,15,15.0049
14,1,10,3.3587711
8,1,15,10.411563
11,1,12,4.8124557
7,1,15,7.9617834
9,1,15,8.2067614
9,1,14,6.281486
9,1,15,22.911837
10,1,12,5.2057815
12,1,12,5.5547328
12,1,7,4.0725236
6,1,15,6.9160151
11,1,12,6.2738256
8,1,14,13.081822
9,1,10,1.8947029
11,1,12,6.1048818
12,1,12,8.3079481
11,1,12,9.5066071
9,1,15,9.7338419
11,1,13,3.9808917
11,1,12,7.655561
9,1,14,9.799118
8,1,15,7.0415773
8,1,16,6.1269035
10,1,12,.41521686
12,1,12,5.2902217
8,1,14,7.3493385
16,1,8,5.5947666
13,1,11,3.330754
9,1,13,9.0641842
8,1,14,3.3862774
11,1,12,6.6230764
10,1,11,4.7131066
12,1,12,7.3493385
6,1,14,4.8658724
9,1,15,7.2019749
8,1,14,5.3078556
11,1,12,17.692852
8,1,13,9.799118
7,1,14,10.81064
7,1,14,10.264991
8,1,14,8.8804512
7,1,14,9.2119808
9,1,13,11.186208
9,1,14,5.7842016
9,1,14,11.352636
11,1,12,5.9713378
7,1,12,3.0622244
9,1,12,15.311122
6,1,14,7.3817859
7,1,14,8.7035646
7,1,13,9.0991812
10,1,12,7.7257199
11,1,10,3.0622244
12,1,10,4.6273613
8,1,12,6.3694267
9,1,11,4.6768517
7,1,14,10.105341
9,1,14,4.77707
7,1,13,9.799118
9,1,13,7.655561
8,1,14,3.99964
11,1,12,9.1866732
6,1,12,13.480268
8,1,12,9.637948
11,1,12,13.159972
6,1,13,10.973544
13,1,9,4.0385857
10,1,12,8.8071089
8,1,14,9.803689
10,1,13,17.318684
9,1,13,9.1866732
12,1,11,4.2392192
10,1,10,3.9808917
9,1,10,1.0944033
8,1,14,9.2310534
11,1,12,4.873704
8,1,14,10.170741
9,1,12,4.6492167
7,1,14,8.7652664
5,1,14,2.6613204
10,1,13,7.3528738
11,1,11,8.8804512
8,1,12,7.3493385
8,1,12,6.3030787
10,1,12,4.1093078
10,1,12,4.5933366
11,1,12,6.1244488
11,1,12,10.207415
9,1,14,11.024008
8,1,14,6.12817
11,1,12,9.799118
9,1,12,2.203742
11,1,12,5.9620218
8,1,12,5.8182263
6,1,14,2.7793863
13,1,8,3.3777263
10,1,13,7.9795952
9,1,12,2.1435571
7,1,12,2.9675739
13,1,9,2.77514
10,1,13,7.1962276
4,1,16,12.738853
10,1,12,7.7168055
8,1,14,13.800425
11,1,12,9.7491226
9,1,14,10.105341
11,1,12,10.748407
10,1,13,9.447237
5,1,15,22.116066
14,1,8,6.6878982
5,1,14,7.7604508
10,1,13,10.317979
6,1,12,2.6539278
10,1,12,9.0641842
8,1,14,5.4622226
10,1,13,12.827318
11,1,12,7.655561
7,1,15,9.9697819
8,1,14,20.414829
11,1,12,7.0431161
9,1,13,13.78001
4,1,12,4.2019792
11,1,12,8.5742283
9,1,12,10.717786
7,1,12,5.9710803
7,1,13,10.991488
11,1,11,6.6348195
9,1,13,15.311122
8,1,12,7.2243028
10,1,10,4.0289831
7,1,12,2.3161552
10,1,12,11.636453
5,1,13,4.1721134
16,1,7,4.5933366
11,1,12,7.655561
11,1,12,4.1646252
11,1,12,3.7111464
12,1,10,7.4412055
7,1,14,5.4532762
10,1,12,6.7759857
8,1,12,9.692606
12,1,10,7.3493385
8,1,13,6.2856183
9,1,13,10.384935
9,1,13,7.0171652
9,1,12,2.6807351
7,1,14,13.84658
11,1,12,7.0431161
5,1,12,3.8346815
11,1,9,.18462107
10,1,12,7.021987
9,1,14,6.658946
11,1,12,5.8182263
5,1,13,9.799118
9,1,11,3.5956442
11,1,12,3.766536
11,1,12,6.4306712
11,1,10,4.2150617
6,1,13,7.4641719
14,1,7,3.5361147
8,1,12,7.361649
8,1,14,7.0410328
9,1,14,6.7341957
9,1,12,1.0424594
11,1,12,3.0707474
9,1,12,3.8837967
8,1,13,2.2768281
9,1,14,6.1856933
6,1,15,16.798489
8,1,14,8.9350672
9,1,13,3.4491482
9,1,13,8.5742283
8,1,13,6.4467883
7,1,14,7.502665
8,1,13,4.2914577
10,1,11,3.6746693
6,1,15,7.0147872
9,1,13,4.899559
8,1,12,7.1812162
8,1,10,7.904778
12,1,10,6.6753817
6,1,13,4.3427911
4,1,14,12.248898
9,1,12,4.5495906
3,1,15,4.4089975
9,1,14,7.893734
6,1,13,14.698677
10,1,12,4.5495906
11,1,12,7.5163689
10,1,12,8.0842724
9,1,14,22.123968
6,1,13,7.9940176
5,1,13,18.462292
10,1,12,7.0431161
7,1,13,12.243292
8,1,14,7.655561
10,1,12,3.8277805
9,1,10,7.599884
9,1,13,9.2162123
9,1,13,11.636453
12,1,9,5.199532
11,1,12,2.994175
9,1,12,7.2132397
8,1,10,.81659317
8,1,14,7.4854374
7,1,14,7.7748871
6,1,15,6.7254815
5,1,13,7.6203074
5,1,14,8.0152178
2,1,14,2.4674039
8,1,15,12.397911
9,1,14,14.297569
11,1,11,2.6028907
11,1,9,3.6746693
12,1,10,1.6326282
9,1,12,7.0431161
5,1,14,3.5985463
9,1,14,10.887909
8,1,14,8.4211168
9,1,12,7.2379851
9,1,14,4.9248147
9,1,13,8.8008471
9,1,12,6.0792794
7,1,14,4.376821
13,1,8,2.8951941
13,1,9,3.2663727
10,1,12,4.9495544
9,1,12,10.717786
9,1,10,2.0445073
10,1,12,7.2592731
4,1,14,6.1244488
4,1,15,4.2462845
9,1,12,6.5919037
8,1,12,9.9522295
10,1,12,8.2680063
7,1,13,7.6215363
10,1,12,3.3188503
9,1,14,6.5327454
11,1,12,9.0474815
11,1,12,3.6941121
9,1,12,8.4628744
9,1,12,8.9825249
7,1,12,8.3369455
9,1,12,2.2966683
6,1,13,15.923567
9,1,12,5.3674946
8,1,13,6.1175284
10,1,12,4.2816377
8,1,13,11.024008
7,1,13,7.655561
9,1,12,5.6533375
10,1,12,11.90391
7,1,13,5.3343949
10,1,12,5.4630561
10,1,12,6.4306712
7,1,13,8.2333708
9,1,12,3.3121018
9,1,13,6.6905742
5,1,12,4.0829659
8,1,12,4.7782645
5,1,12,13.525809
7,1,12,4.5150366
9,1,12,5.1518683
11,1,10,6.9028268
9,1,12,11.082335
8,1,12,8.2325926
9,1,13,8.6329422
10,1,12,5.8244267
8,1,12,4.6584902
9,1,13,4.6809435
8,1,12,3.9808917
9,1,12,13.859401
9,1,12,6.7254815
8,1,12,6.6450272
7,1,13,9.910511
9,1,13,9.799118
10,1,10,3.5840826
10,1,12,5.0526705
9,1,13,3.3116603
5,1,12,3.9512572
8,1,12,16.854052
4,1,12,4.4293647
7,1,13,10.110201
5,1,12,6.666872
8,1,12,3.510205
11,1,9,7.9617834
10,1,12,6.7368937
10,1,8,3.3684468
10,1,12,2.5267317
9,1,12,5.6617126
10,1,12,6.4306712
9,1,13,9.799118
10,1,12,3.9057806
9,1,12,5.4140129
9,1,12,7.1912885
9,1,13,3.7309201
7,1,14,4.7533035
6,1,13,7.9895248
7,1,12,4.8410411
8,1,12,7.891325
10,1,12,12.065434
8,1,13,8.3960629
10,1,12,4.899559
9,1,13,10.411563
8,1,10,5.3078556
10,1,12,2.9091132
9,1,12,6.8900051
13,1,8,7.1063852
5,1,13,2.1435571
8,1,12,8.2566643
7,1,12,5.9470639
8,1,10,4.6044049
9,1,13,13.167565
9,1,12,4.899559
11,1,10,5.199532
10,1,12,5.8182263
9,1,13,5.1122723
9,1,12,6.2556868
9,1,7,10.947453
10,1,12,7.0041804
8,1,12,7.847343
10,1,8,6.9695854
9,1,12,6.6400399
9,1,12,12.248898
7,1,14,4.465744
6,1,13,4.8770494
10,1,12,7.655561
6,1,13,7.8392944
7,1,13,12.950775
5,1,14,6.4143271
10,1,12,4.7264967
10,1,12,6.3247814
10,1,12,9.9700327
6,1,12,1.2550595
10,1,12,11.758942
9,1,13,7.655561
8,1,12,9.1866732
5,1,12,9.5066071
9,1,12,4.2091451
9,1,12,7.6402497
7,1,12,4.1704578
10,1,12,8.4211168
11,1,10,21.873032
9,1,12,6.3796344
7,1,13,6.2752972
9,1,12,3.7273753
7,1,11,2.445405
7,1,12,6.3694267
4,1,14,8.5742283
8,1,12,9.5925102
9,1,12,10.411563
13,1,9,4.4134612
10,1,12,9.799118
10,1,11,4.005929
7,1,12,3.7467215
9,1,12,3.3544068
9,1,12,5.5363393
16,1,6,4.5036349
10,1,12,6.0509553
12,1,8,1.8699983
9,1,12,15.923567
9,1,12,4.3036666
8,1,13,6.4773831
7,1,11,6.961122
4,1,13,5.5479093
10,1,12,12.926881
6,1,12,9.5137072
10,1,12,5.5120039
7,1,12,5.4830074
8,1,12,5.8692636
9,1,12,4.1618414
11,1,11,4.6545811
6,1,12,7.9617834
6,1,13,18.702175
6,1,12,4.2314372
8,1,13,12.744686
5,1,12,6.8025479
10,1,11,10.432682
10,1,12,6.4207931
7,1,11,.42462844
10,1,12,3.1100717
6,1,12,6.7368937
10,1,12,4.4096031
7,1,13,2.1826696
9,1,12,6.2399192
10,1,10,3.9667249
12,1,9,3.0761435
6,1,15,5.4354482
6,1,13,4.8045244
7,1,11,3.6746693
8,1,12,4.6834021
13,1,8,3.9808917
9,1,12,5.5120039
9,1,12,5.8182263
8,1,11,3.3352773
13,1,8,4.316925
10,1,11,6.9205041
8,1,10,4.1433702
8,1,12,4.9128971
5,1,13,5.5732484
7,1,12,15.923567
8,1,12,8.3442268
7,1,12,4.0041299
8,1,12,4.899559
9,1,9,1.0484653
12,1,9,3.8663337
9,1,12,2.2781854
9,1,11,.15348016
10,1,12,4.6954107
10,1,12,4.8042521
8,1,13,4.2747831
10,1,12,6.4306712
9,1,12,5.0921655
10,1,12,10.068146
9,1,12,3.0622244
16,1,5,4.3036666
9,1,10,3.6396725
7,1,12,3.35233
9,1,11,3.2587764
10,1,11,8.118844
11,1,9,4.4541445
10,1,11,6.508903
8,1,11,6.4306712
5,1,13,5.124826
8,1,13,5.4867721
8,1,13,13.78001
3,1,13,11.072174
5,1,13,6.184545
8,1,13,6.1244488
8,1,13,4.899559
7,1,13,3.3289688
9,1,12,5.1935964
10,1,12,8.8532572
9,1,13,7.0431161
9,1,12,7.0431161
12,1,10,6.4306712
6,1,12,4.1315203
10,1,12,3.9196472
9,1,12,5.1295557
10,1,12,8.1065435
8,1,13,10.717786
5,1,12,6.864893
8,1,14,3.9371457
7,1,12,6.7368937
14,1,7,6.1639614
8,1,9,1.9359959
9,1,12,5.2057815
10,1,12,11.222323
6,1,11,1.2962343
7,1,12,6.1244488
5,1,12,20.614742
6,1,11,8.4335346
10,1,11,8.908289
8,1,12,3.2801681
8,1,12,6.526052
5,1,11,7.655561
9,1,11,7.6215363
8,1,12,8.1413727
8,1,11,3.1980386
6,1,12,6.8593826
7,1,12,5.4861555
7,1,12,7.2983017
9,1,12,1.3673187
6,1,12,4.9712601
9,1,12,7.5659709
4,1,12,6.8593826
3,1,11,1.6331863
7,1,12,4.4541445
9,1,9,2.048646
7,1,11,6.4380999
8,1,11,1.4361728
6,1,12,12.384996
9,1,11,7.3187165
5,1,12,3.9374638
9,1,12,7.2255912
8,1,11,5.9184937
7,1,12,7.0431161
9,1,12,6.1069503
9,1,12,8.908289
8,1,11,8.1659317
7,1,12,8.6056662
8,1,12,5.3201709
9,1,11,9.380599
8,1,12,5.9916897
8,1,12,7.5161161
6,1,12,4.4096031
7,1,12,10.044974
6,1,11,4.0734706
5,1,12,8.5742283
5,1,12,4.5905776
7,1,12,9.1646423
8,1,12,6.4050102
9,1,11,6.326293
3,1,11,9.4580812
6,1,12,6.2309608
5,1,12,1.0704919
9,1,12,11.942676
9,1,11,10.176007
6,1,12,2.3945212
5,1,11,11.795235
7,1,11,1.7515924
9,1,12,3.6746693
6,1,11,5.1182895
8,1,12,6.6776247
10,1,11,5.8115206
9,1,12,4.7120757
5,1,12,5.6012545
7,1,12,6.6144047
8,1,11,6.3838191
9,1,12,11.636453
9,1,12,5.2057815
8,1,12,7.5073891
8,1,10,3.8191099
7,1,11,4.3074222
8,1,12,2.5376203
7,1,11,3.3684468
6,1,12,4.0829659
8,1,12,3.5454214
5,1,12,3.5385704
8,1,12,5.2470207
5,1,12,7.9617834
4,1,13,8.8158159
9,1,12,5.1886716
9,1,11,8.2921743
11,1,7,4.4386249
7,1,13,10.050838
8,1,12,5.8182263
8,1,12,5.6036015
5,1,12,4.3695278
3,1,12,18.93964
5,1,12,9.312027
9,1,11,9.799118
7,1,12,6.7177548
9,1,12,5.8593211
4,1,12,3.3011713
6,1,12,11.548961
13,1,7,6.8900051
8,1,12,28.308563
8,1,12,9.1866732
9,1,11,8.5304823
9,1,12,6.9107704
8,1,12,12.356394
9,1,11,8.2680063
7,1,10,4.3126326
7,1,12,11.022862
8,1,11,8.0239468
7,1,12,4.269053
10,1,11,7.3984227
8,1,12,4.9914985
9,1,12,9.7494602
10,1,10,4.4637203
3,1,11,2.3189662
5,1,12,11.163177
6,1,12,9.2310534
8,1,11,5.9883499
8,1,12,8.5742283
4,1,12,4.2871141
9,1,12,7.3737874
6,1,11,4.5933366
10,1,11,3.7913253
10,1,11,5.0045495
9,1,12,7.8392944
8,1,12,8.3598728
6,1,12,5.3978195
6,1,12,9.7292671
9,1,11,6.1392064
5,1,11,5.7665591
9,1,11,3.5451355
9,1,11,4.0087299
8,1,12,5.1160054
9,1,12,5.4987855
9,1,12,3.8512814
10,1,11,5.5120039
8,1,12,7.0836997
8,1,12,7.655561
9,1,11,6.3847504
7,1,12,7.655561
8,1,12,6.0048466
9,1,11,4.6001415
6,1,12,4.7784753
7,1,11,7.6740084
6,1,12,9.5466814
9,1,12,13.473787
7,1,12,6.9715118
8,1,11,6.2257557
9,1,12,6.9213619
5,1,12,3.2364974
9,1,12,13.167565
9,1,12,3.8277805
9,1,12,4.0996895
4,1,12,9.8896828
11,1,8,4.899559
11,1,9,2.888629
9,1,12,11.636453
7,1,10,2.2747953
10,1,11,8.8119278
6,1,11,6.8243856
7,1,11,3.3736403
8,1,12,3.9129584
9,1,12,27.454426
5,1,12,8.3580713
7,1,11,6.3137174
9,1,12,7.1266313
8,1,10,2.7874954
6,1,12,8.1659317
8,1,12,4.5116773
5,1,11,4.746448
5,1,11,3.3684468
9,1,12,4.5933366
6,1,11,5.6651154
8,1,11,.52509701
7,1,12,5.3674946
7,1,12,1.7860774
9,1,12,4.0167556
7,1,12,8.6395407
8,1,11,2.9936306
11,1,10,7.6619673
8,1,12,4.2389126
10,1,8,5.8593211
9,1,12,7.6215363
5,1,12,17.233469
8,1,11,8.9046259
6,1,12,7.5661683
10,1,9,4.0846024
9,1,11,7.9617834
10,1,8,3.9662421
12,1,8,3.4821467
9,1,9,4.2652411
3,1,12,1.9337918
8,1,12,10.499055
3,1,12,2.9488087
2,1,11,2.5325751
9,1,9,8.117897
8,1,11,6.4306712
7,1,10,3.2996836
6,1,12,4.5334001
9,1,7,2.3094368
12,1,8,2.511024
6,1,12,2.2419665
7,1,10,3.6491508
11,1,9,5.144537
8,1,12,4.3203478
8,1,12,4.8348045
10,1,11,2.8266687
7,1,10,2.5905504
8,1,13,8.7961216
6,1,12,3.3790061
9,1,12,6.1244488
8,1,9,1.961746
6,1,12,3.8435028
6,1,12,4.0829659
3,1,11,2.6539278
7,1,12,3.6087403
7,1,12,5.6344929
9,1,10,5.5120039
8,1,12,4.899559
10,1,7,1.9324718
8,1,11,5.2057815
9,1,10,6.4313583
7,1,12,7.893734
12,1,9,4.3342252
9,1,11,7.0147872
6,1,11,5.2684321
7,1,11,7.3493385
8,1,10,5.0685096
9,1,11,8.6596861
9,1,11,9.4054031
8,1,8,2.6152928
9,1,11,11.263354
8,1,11,6.1244488
9,1,11,7.9216738
8,1,11,5.9316168
8,1,11,8.5742283
9,1,10,3.9398515
6,1,11,4.926187
7,1,11,2.0679958
10,1,7,3.8663337
7,1,11,7.9617834
5,1,11,4.7180939
9,1,11,1.6703042
8,1,10,4.4437861
4,1,11,8.324399
10,1,10,11.200782
4,1,11,4.9761147
10,1,10,3.2447412
8,1,10,2.9652824
7,1,10,4.1467624
9,1,10,3.9664307
8,1,11,5.4626303
9,1,10,7.0890751
5,1,11,14.623684
3,1,11,6.3893046
10,1,10,3.703155
9,1,10,7.3891263
12,1,8,9.4928961
7,1,11,11.65139
11,1,8,6.7368937
6,1,11,11.268986
9,1,10,4.5512037
8,1,11,4.2871141
5,1,11,4.6044049
8,1,10,3.9808917
7,1,10,10.846945
6,1,11,4.5964937
6,1,11,3.3700671
6,1,11,10.795639
8,1,11,3.122268
8,1,11,6.7270212
8,1,11,4.7668133
8,1,10,4.1340032
9,1,11,7.018652
9,1,11,8.5742283
7,1,11,4.3649249
9,1,11,5.7382221
9,1,10,7.655561
4,1,11,4.4402256
9,1,11,2.1362886
9,1,10,7.2106719
6,1,10,5.0729947
6,1,11,9.4783134
10,1,9,5.5120039
6,1,9,3.7913253
9,1,11,10.593641
7,1,11,8.0629187
6,1,10,5.1819067
8,1,11,8.2232971
6,1,11,4.423213
6,1,11,10.166585
4,1,11,5.2877121
6,1,11,7.3588929
6,1,10,8.5304823
6,1,11,24.880573
5,1,10,3.8299034
7,1,11,15.311122
4,1,11,9.971405
7,1,11,13.381921
8,1,11,7.655561
7,1,11,4.7775478
9,1,10,5.3189368
6,1,10,2.6305451
8,1,11,4.1596255
5,1,11,6.1244488
8,1,11,4.1010394
9,1,11,5.4207888
5,1,11,6.1244488
6,1,11,7.4235744
6,1,8,10.07024
7,1,8,3.8996491
8,1,12,6.1433516
10,1,10,5.2018909
6,1,9,5.5120039
9,1,10,8.1659317
9,1,11,4.5933366
9,1,11,7.9795952
5,1,11,7.4703155
7,1,11,7.0431161
5,1,10,6.1132522
7,1,10,6.8243856
7,1,9,3.2663727
6,1,10,7.742415
4,1,11,10.564674
7,1,10,4.5166059
5,1,10,1.5923567
8,1,11,8.6752052
7,1,11,5.4765162
8,1,10,4.899559
7,1,11,5.8976173
5,1,11,7.8392944
10,1,9,5.9319458
8,1,11,6.1426225
7,1,11,5.8197808
10,1,9,2.815562
9,1,10,4.2564921
3,1,11,5.5120039
9,1,11,5.5608358
8,1,11,10.441683
6,1,10,7.655561
9,1,11,3.0819807
9,1,11,4.5933366
8,1,11,3.7349517
5,1,11,7.3493385
7,1,10,3.145396
4,1,11,8.3292503
8,1,11,5.5386319
6,1,11,6.4106379
5,1,11,10.411563
7,1,11,1.6147842
7,1,11,5.0270247
9,1,10,6.5357924
7,1,11,5.0674753
9,1,11,3.0603852
4,1,11,7.0251031
7,1,11,8.8804512
8,1,11,2.0061188
4,1,11,12.248898
8,1,11,4.7315741
6,1,11,11.231422
8,1,11,5.0955415
2,1,11,1.7296474
6,1,11,4.899559
7,1,10,6.1244488
7,1,10,3.6746693
9,1,10,3.2449772
7,1,10,2.5275502
9,1,11,7.4504762
9,1,11,3.6746693
7,1,11,3.3036447
6,1,9,2.8478687
12,1,8,4.77707
4,1,10,4.5951777
6,1,11,4.7629786
8,1,11,6.7368937
8,1,9,.35385704
5,1,11,1.973021
9,1,11,4.8621578
8,1,11,5.9806824
6,1,9,1.3269639
14,1,5,4.8862929
10,1,7,3.2663727
7,1,10,2.3371184
7,1,10,4.2356954
7,1,10,7.045826
5,1,10,.39908689
9,1,9,5.4662018
7,1,11,1.426204
9,1,9,2.8697417
8,1,11,22.116066
6,1,11,2.9973774
8,1,11,4.8580375
9,1,9,3.3406084
9,1,11,7.655561
8,1,11,4.5933366
9,1,10,4.0829659
7,1,10,4.2871141
5,1,9,2.987536
9,1,11,4.6545811
11,1,8,5.5120039
14,1,6,6.4306712
8,1,10,7.7090964
8,1,10,3.3273125
5,1,12,4.4096031
5,1,12,6.4500523
8,1,10,3.5168614
9,1,11,6.6438465
10,1,9,3.814028
10,1,10,4.0280962
9,1,8,2.1254094
7,1,8,1.0669056
9,1,10,10.698497
9,1,10,5.5520425
6,1,11,3.6746693
6,1,10,4.696022
9,1,10,6.1396837
5,1,10,2.7560019
8,1,11,3.4286768
9,1,8,3.629303
7,1,10,6.8900051
9,1,9,2.9869835
6,1,11,7.279345
9,1,11,10.411563
9,1,10,8.5687351
9,1,10,6.3666587
8,1,10,5.5120039
3,1,9,3.4020677
7,1,11,4.2255273
6,1,9,3.9808917
9,1,10,6.5723543
3,1,11,5.8657975
8,1,8,5.0021677
9,1,10,6.1146498
4,1,10,8.908289
7,1,10,5.6533375
9,1,10,9.1866732
6,1,10,1.4421344
7,1,10,4.7662377
8,1,10,3.560549
9,1,10,4.2274957
7,1,10,7.045826
7,1,10,2.1231422
8,1,10,7.5467143
6,1,10,4.2871141
9,1,10,4.5919123
10,1,9,6.9358549
9,1,10,3.6746693
4,1,11,5.6200824
9,1,10,5.8144145
9,1,9,7.7205172
6,1,10,10.474169
6,1,10,8.1774149
6,1,11,3.655921
4,1,10,4.5933366
9,1,10,5.3078556
6,1,10,4.5933366
9,1,9,8.8875723
9,1,10,5.0955415
9,1,9,7.6331344
4,1,8,2.5332947
3,1,11,3.8996491
7,1,11,6.5841265
4,1,8,1.5165302
8,1,8,4.2819676
9,1,9,3.5934706
6,1,8,4.3427911
4,1,10,5.7903881
6,1,8,2.076987
9,1,10,6.1244488
4,1,10,2.8562453
5,1,8,5.5120039
6,1,9,4.2871141
5,1,9,7.1451902
6,1,9,4.538784
10,1,8,2.9091132
7,1,7,4.1539741
